agreement_rate,consensus_fallback_disagreement_average_qa_share,consensus_fallback_pair_tree_qa_share,consensus_fallback_plus_text_logistic_qa_share,consensus_fallback_pre_only_qa_share,consensus_fallback_selected_expert_qa_share,consensus_fallback_semantic_backbone_qa_share,fallback_avg_r2,fallback_logistic_r2,fallback_pre_p_vs_avg,fallback_pre_p_vs_logistic,fallback_pre_p_vs_pre_only,fallback_pre_p_vs_retained,fallback_pre_p_vs_tree,fallback_pre_r2,fallback_retained_r2,fallback_selected_r2,fallback_tree_r2,pair_tree_r2,plus_text_logistic_r2,pre_only_r2,retained_r2,selected_r2,split,test_size
0.7017543859649122,0.02631578947368421,0.2894736842105263,0.06140350877192982,0.02631578947368421,0.18421052631578946,0.02631578947368421,0.9966578816452785,0.9966364812004386,0.0575,0.13375,0.75225,1.0,0.498,0.9966820086721051,0.9966812264263274,0.9966761198391151,0.9966761198391151,0.9966761198391151,0.9966364812004386,0.9966786186791518,0.996677836433374,0.996670544380836,val2020_test_post2020,114
0.6144578313253012,0.060240963855421686,0.12048192771084337,0.3855421686746988,0.060240963855421686,0.12048192771084337,0.060240963855421686,0.9988074508376957,0.998821455679833,0.0,0.54725,0.8465,0.0,0.0,0.9988226289742893,0.9987899258698029,0.9987899258698029,0.9987899837274773,0.9987899837274773,0.998821455679833,0.9988257380604549,0.9987813131941412,0.9987822866467783,val2021_test_post2021,83
0.7333333333333333,0.3,0.45,0.4166666666666667,0.3,0.35,0.3,0.9986385310668561,0.9986363798329253,0.95075,0.7155,0.15275,0.588,0.64575,0.9986401682388036,0.9986176591248731,0.9986171903801817,0.9986242670023903,0.9986242670023903,0.9986363798329253,0.9984820619311983,0.9985272895023753,0.9985463792059631,val2022_test_post2022,60
