{
  "target_variant": "shock_minus_pre",
  "include_regimes": [
    "after_hours",
    "pre_market"
  ],
  "exclude_html_flags": [],
  "with_qna_lsa": false,
  "candidate_tickers": 21,
  "evaluated_tickers": 21,
  "skipped_tickers": {},
  "overall_test_size": 160,
  "overall": {
    "prior_only": {
      "mae": 0.0011529349922338823,
      "rmse": 0.0024490036820051576,
      "r2": -0.05569060976354234
    },
    "residual_structured_only": {
      "mae": 0.00014881672959895362,
      "rmse": 0.0002299719128483581,
      "r2": 0.990690906816363
    }
  },
  "median_ticker_r2": {
    "prior_only": -1.2475676199440158,
    "residual_structured_only": 0.5802969886356797
  },
  "by_ticker": {
    "AAPL": {
      "prior_only": {
        "mae": 0.0005914399008810573,
        "rmse": 0.001010773154278749,
        "r2": -0.4474569586583379,
        "n": 8
      },
      "residual_structured_only": {
        "mae": 8.572310619602155e-05,
        "rmse": 9.90103284153414e-05,
        "r2": 0.9861113746394873,
        "n": 8
      }
    },
    "AMGN": {
      "prior_only": {
        "mae": 0.00040486887710542736,
        "rmse": 0.0004793830196329198,
        "r2": -0.006617782571407327,
        "n": 7
      },
      "residual_structured_only": {
        "mae": 0.00026745360967620304,
        "rmse": 0.00030954328716027805,
        "r2": 0.5802969886356797,
        "n": 7
      }
    },
    "AMZN": {
      "prior_only": {
        "mae": 0.000573051371681416,
        "rmse": 0.001044391324730266,
        "r2": -0.04909439338001742,
        "n": 7
      },
      "residual_structured_only": {
        "mae": 9.920928758855158e-05,
        "rmse": 0.00010623184720955508,
        "r2": 0.9891458074587633,
        "n": 7
      }
    },
    "AXP": {
      "prior_only": {
        "mae": 0.0008754159345500315,
        "rmse": 0.0010457360753823018,
        "r2": -0.2218689167725727,
        "n": 7
      },
      "residual_structured_only": {
        "mae": 0.0003408011297219619,
        "rmse": 0.0005332661138120358,
        "r2": 0.6822625461348657,
        "n": 7
      }
    },
    "CAT": {
      "prior_only": {
        "mae": 0.0006884047453416149,
        "rmse": 0.000710444713939062,
        "r2": -15.371128741153843,
        "n": 7
      },
      "residual_structured_only": {
        "mae": 0.00020214980039281628,
        "rmse": 0.0002532534586460077,
        "r2": -1.0803136544255239,
        "n": 7
      }
    },
    "CSCO": {
      "prior_only": {
        "mae": 0.0026581871757219776,
        "rmse": 0.003981211945824444,
        "r2": -0.8044042656972761,
        "n": 9
      },
      "residual_structured_only": {
        "mae": 0.00010975064184176332,
        "rmse": 0.00019802243671803368,
        "r2": 0.9955359191798071,
        "n": 9
      }
    },
    "DIS": {
      "prior_only": {
        "mae": 0.0014981705781938327,
        "rmse": 0.0025838907954170965,
        "r2": -0.22894892203067152,
        "n": 8
      },
      "residual_structured_only": {
        "mae": 0.0002287746819205793,
        "rmse": 0.00033876712343603913,
        "r2": 0.9788754222818279,
        "n": 8
      }
    },
    "HON": {
      "prior_only": {
        "mae": 0.0005650770417193425,
        "rmse": 0.0005836386128564996,
        "r2": -14.9757317420514,
        "n": 7
      },
      "residual_structured_only": {
        "mae": 0.0001233707162879867,
        "rmse": 0.0001823034101073208,
        "r2": -0.5586991954686396,
        "n": 7
      }
    },
    "IBM": {
      "prior_only": {
        "mae": 0.0018330616371681416,
        "rmse": 0.0024090122913717127,
        "r2": -1.2475676199440158,
        "n": 7
      },
      "residual_structured_only": {
        "mae": 0.00019782982127805696,
        "rmse": 0.00025946835093051685,
        "r2": 0.9739262487313167,
        "n": 7
      }
    },
    "JNJ": {
      "prior_only": {
        "mae": 0.0006175385082174463,
        "rmse": 0.000649997441204383,
        "r2": -9.269014550020053,
        "n": 7
      },
      "residual_structured_only": {
        "mae": 0.00013932661707084334,
        "rmse": 0.00024211483022535345,
        "r2": -0.42478147333119076,
        "n": 7
      }
    },
    "JPM": {
      "prior_only": {
        "mae": 0.000773249633375474,
        "rmse": 0.0008403308619394834,
        "r2": -0.18808422770368227,
        "n": 7
      },
      "residual_structured_only": {
        "mae": 0.00017366461082787685,
        "rmse": 0.0002118818705706119,
        "r2": 0.9244674407817919,
        "n": 7
      }
    },
    "KO": {
      "prior_only": {
        "mae": 0.0004312496965865993,
        "rmse": 0.0004453862558039876,
        "r2": -15.007025151892286,
        "n": 7
      },
      "residual_structured_only": {
        "mae": 7.490675597718819e-05,
        "rmse": 8.297518655318812e-05,
        "r2": 0.4444367876760237,
        "n": 7
      }
    },
    "MCD": {
      "prior_only": {
        "mae": 0.0006192597246376812,
        "rmse": 0.0006439312198368386,
        "r2": -12.304988058595072,
        "n": 6
      },
      "residual_structured_only": {
        "mae": 0.00012236189878762704,
        "rmse": 0.00020633207640683587,
        "r2": -0.36605763616848175,
        "n": 6
      }
    },
    "MMM": {
      "prior_only": {
        "mae": 0.000483762422907489,
        "rmse": 0.0005083231524833958,
        "r2": -9.604480142382247,
        "n": 6
      },
      "residual_structured_only": {
        "mae": 0.00013009210923895924,
        "rmse": 0.00014910243070433962,
        "r2": 0.0876130845501839,
        "n": 6
      }
    },
    "MRK": {
      "prior_only": {
        "mae": 0.0004346667699115044,
        "rmse": 0.0004421245198172502,
        "r2": -28.894077785435307,
        "n": 6
      },
      "residual_structured_only": {
        "mae": 8.062339286752118e-05,
        "rmse": 8.731721950153566e-05,
        "r2": -0.16599249060068,
        "n": 6
      }
    },
    "MSFT": {
      "prior_only": {
        "mae": 0.0003505543182920913,
        "rmse": 0.0003595091070728175,
        "r2": -19.326719921948712,
        "n": 9
      },
      "residual_structured_only": {
        "mae": 6.6192873998216e-05,
        "rmse": 7.512847261689673e-05,
        "r2": 0.11231960243703243,
        "n": 9
      }
    },
    "NKE": {
      "prior_only": {
        "mae": 0.0011614856315789474,
        "rmse": 0.001590334667468663,
        "r2": -0.9012787593361076,
        "n": 10
      },
      "residual_structured_only": {
        "mae": 0.0001578144925144037,
        "rmse": 0.00018641009113846301,
        "r2": 0.9738779304387531,
        "n": 10
      }
    },
    "NVDA": {
      "prior_only": {
        "mae": 0.00513080813459268,
        "rmse": 0.007615903535648802,
        "r2": -0.8224089161817216,
        "n": 11
      },
      "residual_structured_only": {
        "mae": 0.00017209359779137096,
        "rmse": 0.00030953169318928764,
        "r2": 0.9969896762209912,
        "n": 11
      }
    },
    "UNH": {
      "prior_only": {
        "mae": 0.000574555404551201,
        "rmse": 0.0005858915357768131,
        "r2": -25.094218547993375,
        "n": 7
      },
      "residual_structured_only": {
        "mae": 7.291058338634064e-05,
        "rmse": 8.509478390471281e-05,
        "r2": 0.44955272371579247,
        "n": 7
      }
    },
    "VZ": {
      "prior_only": {
        "mae": 0.0006417541297935103,
        "rmse": 0.0006602026393117857,
        "r2": -17.146658394104417,
        "n": 6
      },
      "residual_structured_only": {
        "mae": 0.00018146237452793825,
        "rmse": 0.00022731166520348193,
        "r2": -1.151223821473831,
        "n": 6
      }
    },
    "WMT": {
      "prior_only": {
        "mae": 0.0007443934042553192,
        "rmse": 0.0008500544438718136,
        "r2": -0.5790505687325145,
        "n": 11
      },
      "residual_structured_only": {
        "mae": 0.00011922082813670786,
        "rmse": 0.00013451104581169797,
        "r2": 0.9604616580739327,