mae,model,r2,rmse
6.755065594895682e-05,answerability_factor_route,0.9986384857148582,0.00012369142338578947
6.755971064721144e-05,residual_pre_call_market_only,0.9984820619311983,0.00013060370956910247
6.724586012089539e-05,agreement_pre_only_abstention,0.9986401682388036,0.0001236149724373469
6.75429352595314e-05,geometry_only,0.9986387841937947,0.00012367786447255066
6.763617451868387e-05,geometry_plus_hybrid,0.9986388449005726,0.00012367510658201826
