{
  "target_variant": "shock_minus_pre",
  "split_sizes": {
    "train": 281,
    "val": 90,
    "test": 182
  },
  "global_residual_model": {
    "best_alpha": 10.0,
    "val": {
      "mae": 0.00046576809074506384,
      "rmse": 0.0010242912737606761,
      "r2": 0.866488564288297
    },
    "test": {
      "mae": 0.0005246900061813698,
      "rmse": 0.0007733566505251217,
      "r2": 0.881793732264183
    },
    "val_by_regime": {
      "after_hours": {
        "mae": 0.0005299335771778577,
        "rmse": 0.0007162168197616353,
        "r2": 0.9710956819833397
      },
      "pre_market": {
        "mae": 0.00046922429450579835,
        "rmse": 0.0012897564757656805,
        "r2": -0.37943372247239116
      },
      "market_hours": {
        "mae": 0.0002814113458414641,
        "rmse": 0.00035247989189026374,
        "r2": -0.5226234454163716
      }
    },
    "test_by_regime": {
      "after_hours": {
        "mae": 0.0007170236816014691,
        "rmse": 0.0010142850929009877,
        "r2": 0.8956361647055981
      },
      "pre_market": {
        "mae": 0.00041223200352645463,
        "rmse": 0.0005912594719096645,
        "r2": 0.58536494501643
      },
      "market_hours": {
        "mae": 0.0003589205189750245,
        "rmse": 0.00046193122159142366,
        "r2": -0.3387439077866583
      }
    }
  },
  "regime_specific_residual_model": {
    "regime_info": {
      "pre_market": {
        "mode": "fit_regime_specific",
        "best_alpha": 0.1,
        "train_size": 138,
        "val_size": 46,
        "test_size": 89
      },
      "market_hours": {
        "mode": "fit_regime_specific",
        "best_alpha": 10.0,
        "train_size": 42,
        "val_size": 12,
        "test_size": 22
      },
      "after_hours": {
        "mode": "fit_regime_specific",
        "best_alpha": 10.0,
        "train_size": 101,
        "val_size": 32,
        "test_size": 71
      }
    },
    "val": {
      "mae": 0.0004889029619496092,
      "rmse": 0.0007261576041767351,
      "r2": 0.9328983345302316
    },
    "test": {
      "mae": 0.000710745153351541,
      "rmse": 0.001009367378302534,
      "r2": 0.7986371334063842
    },
    "val_by_regime": {
      "after_hours": {
        "mae": 0.0005148613177535559,
        "rmse": 0.0007257956890751458,
        "r2": 0.9703173641686094
      },
      "pre_market": {
        "mae": 0.0005679653789287822,
        "rmse": 0.0008125475012864949,
        "r2": 0.4525015136560576
      },
      "market_hours": {
        "mae": 0.00011660808138558877,
        "rmse": 0.00013837129742469336,
        "r2": 0.7653525463242634
      }
    },
    "test_by_regime": {
      "after_hours": {
        "mae": 0.0007156578236615735,
        "rmse": 0.0009564155541926081,
        "r2": 0.9072052926801419
      },
      "pre_market": {
        "mae": 0.0008386884152469819,
        "rmse": 0.0011561752457558314,
        "r2": -0.5854667095691797
      },
      "market_hours": {
        "mae": 0.00017730197604669934,
        "rmse": 0.0002619722853159264,
        "r2": 0.5694202799056787
      }
    }
  },
  "hybrid_val_selected_model": {
    "chosen_modes": {
      "pre_market": "regime_specific",
      "market_hours": "regime_specific",
      "after_hours": "global"
    },
    "val": {
      "mae": 0.0004942619875226942,
      "rmse": 0.0007227680338614381,
      "r2": 0.9335233089832661
    },
    "test": {
      "mae": 0.0007112779880423796,
      "rmse": 0.0010311702168974016,
      "r2": 0.7898441045933166
    },
    "val_by_regime": {
      "after_hours": {
        "mae": 0.0005299335771778577,
        "rmse": 0.0007162168197616353,
        "r2": 0.9710956819833397
      },
      "pre_market": {
        "mae": 0.0005679653789287822,
        "rmse": 0.0008125475012864949,
        "r2": 0.4525015136560576
      },
      "market_hours": {
        "mae": 0.00011660808138558877,
        "rmse": 0.00013837129742469336,
        "r2": 0.7653525463242634
      }
    },
    "test_by_regime": {
      "after_hours": {
        "mae": 0.0007170236816014691,
        "rmse": 0.0010142850929009877,
        "r2": 0.8956361647055981
      },
      "pre_market": {
        "mae": 0.0008386884152469819,
        "rmse": 0.0011561752457558314,
        "r2": -0.5854667095691797
      },
      "market_hours": {
        "mae": 0.00017730197604669934,
        "rmse": 0.0002619722853159264,
        "r2": 0.5694202799056787
      }
    }
  },
  "prior_only": {
    "val": {
      "mae": 0.0007485886175131966,
      "rmse": 0.0026033171123127337,
      "r2": 0.13756640285326538
    },
    "test": {
      "mae": 0.0008094956854316774,
      "rmse": 0.0020151933197818527,
      "r2": 0.1973720382613633
    },
    "val_by_regime": {
      "after_hours": {
        "mae": 0.0015227439221811175,
        "rmse": 0.004144834039199095,
        "r2": 0.031971849242446115
      },
      "pre_market": {
        "mae": 0.00036990973491997137,
        "rmse": 0.0011368385532985839,
        "r2": -0.07172408591465729
      },
      "market_hours": {
        "mae": 0.000135776855006105,
        "rmse": 0.00025068852271947333,
        "r2": 0.22981913975083612
      }
    },
    "test_by_regime": {
      "after_hours": {
        "mae": 0.0015319324482105945,
        "rmse": 0.003083153946393892,
        "r2": 0.03568179460812693
      },
      "pre_market": {
        "mae": 0.0003822672947778493,
        "rmse": 0.0008239545053739064,
        "r2": 0.19477683625645426
      },
      "market_hours": {
        "mae": 0.00020632825865384135,
        "rmse": 0.0004137435236476908,
        "r2": -0.07400249764006106
      }
    }
  }
}