{
  "target_variant": "shock_minus_pre",
  "include_regimes": [
    "after_hours",
    "pre_market"
  ],
  "split_sizes": {
    "train": 239,
    "val": 78,
    "test": 160
  },
  "prior_only": {
    "val": {
      "mae": 0.000845440795154098,
      "rmse": 0.0027946380475151085,
      "r2": 0.1355621902662162
    },
    "test": {
      "mae": 0.000892285284185914,
      "rmse": 0.0021436956278310083,
      "r2": 0.19112013144933993
    }
  },
  "residual_dense": {
    "best_alpha": 10.0,
    "val": {
      "mae": 0.0005062567459063481,
      "rmse": 0.001139900836676583,
      "r2": 0.8561808345753891
    },
    "test": {
      "mae": 0.0005652795313686171,
      "rmse": 0.0008272971295242504,
      "r2": 0.8795294710114022
    }
  },
  "residual_dense_plus_qna_lsa": {
    "best_alpha": 10.0,
    "val": {
      "mae": 0.00040462301406048184,
      "rmse": 0.000856798388886866,
      "r2": 0.9187469070331717
    },
    "test": {
      "mae": 0.000501177591007293,
      "rmse": 0.000785906970664279,
      "r2": 0.8912823480601998
    }
  }
}