{
  "target_variant": "shock_minus_pre",
  "include_regimes": [
    "after_hours"
  ],
  "exclude_html_flags": [
    "fail"
  ],
  "coverage": {
    "panel_rows": 553,
    "with_features": 553,
    "with_old_audio": 553,
    "with_aligned_audio": 172,
    "with_both_audio": 172,
    "joined_rows": 172
  },
  "config": {
    "lsa_components": 4,
    "aligned_prefix": "aligned_audio__",
    "aligned_compressed_components": 8
  },
  "candidate_tickers": 9,
  "evaluated_tickers": 9,
  "skipped_tickers": {},
  "overall_test_size": 60,
  "overall": {
    "prior_only": {
      "mae": 0.0019021485078033428,
      "rmse": 0.0035445719653678215,
      "r2": -0.1180741957523701
    },
    "residual_pre_call_market_only": {
      "mae": 6.755971064721144e-05,
      "rmse": 0.00013060370956910247,
      "r2": 0.9984820619311983
    },
    "residual_pre_call_market_plus_a4": {
      "mae": 7.65483310004972e-05,
      "rmse": 0.00014104500068784346,
      "r2": 0.9982296529057315
    },
    "residual_pre_call_market_plus_a4_plus_qna_lsa": {
      "mae": 7.755345540921158e-05,
      "rmse": 0.00013532689776945295,
      "r2": 0.998370286435591
    },
    "residual_pre_call_market_plus_a4_plus_qna_lsa_plus_aligned_audio_svd": {
      "mae": 7.823784689749989e-05,
      "rmse": 0.00013724102954407348,
      "r2": 0.9983238574054001
    },
    "residual_pre_call_market_plus_controls_plus_a4": {
      "mae": 9.130623089599362e-05,
      "rmse": 0.00014781282652861317,
      "r2": 0.998055682113011
    },
    "residual_pre_call_market_plus_controls_plus_a4_plus_aligned_audio_svd": {
      "mae": 9.680552931828403e-05,
      "rmse": 0.00015703050750502117,
      "r2": 0.9978056237384324
    },
    "residual_pre_call_market_plus_controls_plus_a4_plus_qna_lsa": {
      "mae": 9.757064546051445e-05,
      "rmse": 0.0001474646736713935,
      "r2": 0.9980648304751341
    },
    "residual_pre_call_market_plus_controls_plus_a4_plus_qna_lsa_plus_aligned_audio_svd": {
      "mae": 9.888729273193784e-05,
      "rmse": 0.00015013662539354675,
      "r2": 0.9979940674391463
    }
  },
  "median_ticker_r2": {
    "prior_only": -0.4814445962507492,
    "residual_pre_call_market_only": 0.9954270449002872,
    "residual_pre_call_market_plus_a4": 0.9949477272110294,
    "residual_pre_call_market_plus_a4_plus_qna_lsa": 0.9951938826520538,
    "residual_pre_call_market_plus_a4_plus_qna_lsa_plus_aligned_audio_svd": 0.9955146168349871,
    "residual_pre_call_market_plus_controls_plus_a4": 0.9941241943899779,
    "residual_pre_call_market_plus_controls_plus_a4_plus_aligned_audio_svd": 0.993115224946607,
    "residual_pre_call_market_plus_controls_plus_a4_plus_qna_lsa": 0.9914542521586525,
    "residual_pre_call_market_plus_controls_plus_a4_plus_qna_lsa_plus_aligned_audio_svd": 0.9906790525658082
  },
  "by_ticker": {
    "AAPL": {
      "prior_only": {
        "mae": 0.0008635336455696203,
        "rmse": 0.0009753102657720546,
        "r2": -0.057410016928523655,
        "n": 5
      },
      "residual_pre_call_market_only": {
        "mae": 5.907476786276581e-05,
        "rmse": 7.032460916128126e-05,
        "r2": 0.9945024082810152,
        "n": 5
      },
      "residual_pre_call_market_plus_a4": {
        "mae": 6.705818901086902e-05,
        "rmse": 7.718627088687973e-05,
        "r2": 0.9933772563052323,
        "n": 5
      },
      "residual_pre_call_market_plus_a4_plus_qna_lsa": {
        "mae": 7.252632100133218e-05,
        "rmse": 8.384057310172975e-05,
        "r2": 0.9921861277629412,
        "n": 5
      },
      "residual_pre_call_market_plus_a4_plus_qna_lsa_plus_aligned_audio_svd": {
        "mae": 8.423761453796374e-05,
        "rmse": 0.00011183487927883792,
        "r2": 0.9860968766522632,
        "n": 5
      },
      "residual_pre_call_market_plus_controls_plus_a4": {
        "mae": 0.00012741429781227003,
        "rmse": 0.00013943167333489414,
        "r2": 0.97838870915675,
        "n": 5
      },
      "residual_pre_call_market_plus_controls_plus_a4_plus_aligned_audio_svd": {
        "mae": 0.00012490420228896036,
        "rmse": 0.00013562797512036437,
        "r2": 0.9795517387502002,
        "n": 5
      },
      "residual_pre_call_market_plus_controls_plus_a4_plus_qna_lsa": {
        "mae": 0.00013460593632282268,
        "rmse": 0.0001514441343924617,
        "r2": 0.9745045463589487,
        "n": 5
      },
      "residual_pre_call_market_plus_controls_plus_a4_plus_qna_lsa_plus_aligned_audio_svd": {
        "mae": 0.00013559715744461447,
        "rmse": 0.00015409274985096397,
        "r2": 0.9736049651309044,
        "n": 5
      }
    },
    "AMGN": {
      "prior_only": {
        "mae": 0.000588558582278481,
        "rmse": 0.0007259269278463547,
        "r2": -0.9501174078419159,
        "n": 5
      },
      "residual_pre_call_market_only": {
        "mae": 0.00019395354638911312,
        "rmse": 0.0002590017889481651,
        "r2": 0.7517550208618401,
        "n": 5
      },
      "residual_pre_call_market_plus_a4": {
        "mae": 0.00017975681237770267,
        "rmse": 0.0002716745295034654,
        "r2": 0.7268678690369479,
        "n": 5
      },
      "residual_pre_call_market_plus_a4_plus_qna_lsa": {
        "mae": 0.00019478020001389962,
        "rmse": 0.0002788838339162639,
        "r2": 0.7121795643022787,
        "n": 5
      },
      "residual_pre_call_market_plus_a4_plus_qna_lsa_plus_aligned_audio_svd": {
        "mae": 0.00018100650545077699,
        "rmse": 0.00027819271999438553,
        "r2": 0.7136043169337299,
        "n": 5
      },
      "residual_pre_call_market_plus_controls_plus_a4": {
        "mae": 0.00019180943446581145,
        "rmse": 0.00026117783304784346,
        "r2": 0.7475661596321479,
        "n": 5
      },
      "residual_pre_call_market_plus_controls_plus_a4_plus_aligned_audio_svd": {
        "mae": 0.00018709764512023967,
        "rmse": 0.0002837088077034168,
        "r2": 0.7021342402393184,
        "n": 5
      },
      "residual_pre_call_market_plus_controls_plus_a4_plus_qna_lsa": {
        "mae": 0.00018806427252927892,
        "rmse": 0.0002663574188485784,
        "r2": 0.7374545227894707,
        "n": 5
      },
      "residual_pre_call_market_plus_controls_plus_a4_plus_qna_lsa_plus_aligned_audio_svd": {
        "mae": 0.00019103617239370584,
        "rmse": 0.00028659406174355606,
        "r2": 0.6960449796448853,
        "n": 5
      }
    },
    "AMZN": {
      "prior_only": {
        "mae": 0.0010484594936708864,
        "rmse": 0.0011417296808001387,
        "r2": -0.13716120273590393,
        "n": 6
      },
      "residual_pre_call_market_only": {
        "mae": 6.991755441178796e-05,
        "rmse": 0.00013869035106715475,
        "r2": 0.9832201549309215,
        "n": 6
      },
      "residual_pre_call_market_plus_a4": {
        "mae": 7.749407118137618e-05,
        "rmse": 0.0001292729985590898,
        "r2": 0.9854215585530909,
        "n": 6
      },
      "residual_pre_call_market_plus_a4_plus_qna_lsa": {
        "mae": 8.954942153369767e-05,
        "rmse": 0.000137552076764647,
        "r2": 0.9834944593254292,
        "n": 6
      },
      "residual_pre_call_market_plus_a4_plus_qna_lsa_plus_aligned_audio_svd": {
        "mae": 8.336383561820741e-05,
        "rmse": 0.00014171127729844477,
        "r2": 0.9824812031447245,
        "n": 6
      },
      "residual_pre_call_market_plus_controls_plus_a4": {
        "mae": 9.540631278636173e-05,
        "rmse": 0.00014758399589947558,
        "r2": 0.9809991083535919,
        "n": 6
      },
      "residual_pre_call_market_plus_controls_plus_a4_plus_aligned_audio_svd": {
        "mae": 9.158571784988674e-05,
        "rmse": 0.000173172537685489,
        "r2": 0.9738390510102725,
        "n": 6
      },
      "residual_pre_call_market_plus_controls_plus_a4_plus_qna_lsa": {
        "mae": 0.00010640444636187958,
        "rmse": 0.0001580551065631583,
        "r2": 0.9782072259805645,
        "n": 6
      },