count_a,count_b,log_odds,ngram
4,0,1.980366615390599,wondering if
4,0,1.980366615390599,wondering if you
10,1,1.7290521871096942,if
3,0,1.7290521871096933,a little
3,0,1.7290521871096933,in terms of
3,0,1.7290521871096933,terms
3,0,1.7290521871096933,i was
3,0,1.7290521871096933,terms of
3,0,1.7290521871096933,in terms
3,0,1.7290521871096933,a little bit
