family,feature_count,selected_alpha,test_full_mae,test_full_p_mse_vs_hard,test_full_p_mse_vs_pre,test_full_r2,test_full_rmse,test_use_agreed_share,val_r2,val_use_agreed_share
geometry_only,8,10.0,6.75429352595314e-05,0.45025,0.15925,0.9986387841937947,0.00012367786447255066,0.5,0.9973314780942115,0.35294117647058826
question_lsa4_bi,4,0.01,6.469422446932464e-05,0.04425,0.098,0.9986546797091032,0.00012295362355008535,0.5454545454545454,0.9973096215734312,0.6862745098039216
geometry_plus_question_lsa4_bi,12,100.0,6.750961406237782e-05,0.3865,0.1615,0.9986385056484507,0.00012369051791477536,0.7272727272727273,0.9973314914486857,0.5686274509803921
question_stop_lsa2_bi,2,0.01,6.742387672844731e-05,0.32475,0.418,0.9985108295022284,0.0001293602058263295,0.5,0.9971623110231403,1.0
geometry_plus_question_stop_lsa2_bi,10,10.0,6.75429352595314e-05,0.45025,0.15925,0.9986387841937947,0.00012367786447255066,0.5454545454545454,0.9973314780942115,0.6078431372549019
question_stop_lsa4_bi,4,1000.0,6.818261846731277e-05,0.251,0.60375,0.9985561404093792,0.00012737698559907299,0.5227272727272727,0.9971623110231403,1.0
geometry_plus_question_stop_lsa4_bi,12,10.0,6.783248809132818e-05,0.10575,0.16725,0.9986372273089301,0.00012374857227956238,0.6136363636363636,0.9973314780942115,0.5294117647058824
question_stop_lsa8_bi,8,1000.0,6.699438827799666e-05,0.88225,0.2295,0.9985907913068942,0.00012583925625755073,0.4318181818181818,0.9971623110231403,1.0
geometry_plus_question_stop_lsa8_bi,16,10.0,6.78441102710786e-05,0.11,0.16725,0.9986372745532004,0.00012374642721835554,0.5454545454545454,0.9973314914486857,0.5490196078431373
