family,feature_count,selected_alpha,test_full_mae,test_full_p_mse_vs_hard,test_full_p_mse_vs_pre,test_full_r2,test_full_rmse,test_use_agreed_share,val_r2,val_use_agreed_share
geometry_only,8,10.0,6.75429352595314e-05,0.45025,0.15925,0.9986387841937947,0.00012367786447255066,0.5,0.9973314780942115,0.35294117647058826
framing_core_factor_pca1,1,0.01,7.04535600848815e-05,0.05425,0.635,0.9984690801680423,0.00013116099740298473,0.4772727272727273,0.9971646486019107,0.9803921568627451
geometry_plus_framing_core_factor_pca1,9,10.0,6.75429352595314e-05,0.45025,0.15925,0.9986387841937947,0.00012367786447255066,0.5454545454545454,0.9973314780942115,0.5294117647058824
framing_core_direct,6,10.0,6.828392007527364e-05,0.32725,0.5705,0.9985068439472338,0.0001295331973380296,0.4318181818181818,0.9974171709149576,0.5686274509803921
framing_structure_factor_pca1,1,0.01,6.743081009200508e-05,0.54825,0.204,0.9986273338255097,0.00012419695608867064,0.6136363636363636,0.9971623110231403,1.0
geometry_plus_framing_structure_factor_pca1,9,1.0,6.798942392602528e-05,0.07125,0.16975,0.9986369703914634,0.0001237602366134573,0.5,0.9973320019874773,0.39215686274509803
framing_structure_direct,9,100.0,6.720414041676245e-05,0.41275,0.29075,0.9985209006745482,0.00012892203601596312,0.4772727272727273,0.9973889989366665,0.7058823529411765
