family,feature_count,selected_alpha,test_agreement_r2,test_agreement_rmse,test_full_mae,test_full_p_mse_vs_hard,test_full_p_mse_vs_pre,test_full_r2,test_full_rmse,test_use_agreed_share,val_r2,val_use_agreed_share
geometry_only,8,10.0,0.9985895504325975,0.0001404696578798374,6.75429352595314e-05,0.45025,0.15925,0.9986387841937947,0.00012367786447255066,0.5,0.9973314780942115,0.35294117647058826
question_role_lsa,4,10.0,0.9985710918034333,0.00014138583707647013,6.728330561957624e-05,0.94275,0.23325,0.9986219321962843,0.0001244410821654571,0.6590909090909091,0.9972396924923675,0.8627450980392157
answer_role_lsa,4,0.01,0.9984966374504274,0.0001450225734011234,6.965778279681112e-05,0.2445,0.59625,0.9985539583201993,0.00012747320098185902,0.5909090909090909,0.997321652458691,0.5686274509803921
qa_role_gap_lsa,4,0.01,0.9984099743340192,0.00014914400840749457,6.976968513175847e-05,0.1285,0.75625,0.9984748383265654,0.00013091410096092215,0.5,0.99731196798321,0.6666666666666666
geometry_plus_answer_role,12,10.0,0.9985890298005201,0.00014049558091314195,6.76124838300039e-05,0.29975,0.16125,0.9986383088773239,0.00012369945583039248,0.5227272727272727,0.9973314780942115,0.49019607843137253
geometry_plus_role_gap,12,10.0,0.9985885530052264,0.00014051931705357572,6.778191595355798e-05,0.197,0.1645,0.9986378735821007,0.0001237192259084878,0.6136363636363636,0.9973314780942115,0.5882352941176471
geometry_plus_dual_role,16,100.0,0.9985895416580718,0.00014047009481594724,6.751890805488314e-05,0.4475,0.16,0.9986387761830002,0.00012367822839592213,0.5681818181818182,0.9973314780942115,0.6470588235294118
