{
  "num_events": 172,
  "num_events_with_pairs": 172,
  "avg_pair_count": 7.412790697674419,
  "avg_max_evasion": 0.4539647906976744,
  "avg_top2_severity": 2.7429431046511628
}