{
  "target_variant": "shock_minus_pre",
  "include_regimes": [
    "after_hours"
  ],
  "exclude_html_flags": [],
  "candidate_tickers": 9,
  "evaluated_tickers": 9,
  "skipped_tickers": {},
  "overall_test_size": 71,
  "overall": {
    "prior_only": {
      "mae": 0.001712954560429467,
      "rmse": 0.003281641502876096,
      "r2": -0.0924767838873275
    },
    "residual_market_plus_controls": {
      "mae": 0.00010112136741620495,
      "rmse": 0.00015460340374034837,
      "r2": 0.9975752439722528
    },
    "residual_market_controls_plus_a4": {
      "mae": 0.00011301734994489535,
      "rmse": 0.0001832862979301773,
      "r2": 0.9965920756623616
    },
    "residual_market_controls_plus_a4_plus_qna_lsa": {
      "mae": 0.0001436385834135681,
      "rmse": 0.00022119399741368645,
      "r2": 0.995036630359115
    }
  },
  "median_ticker_r2": {
    "prior_only": -0.4911785774228863,
    "residual_market_plus_controls": 0.9918127697838827,
    "residual_market_controls_plus_a4": 0.9853969671789631,
    "residual_market_controls_plus_a4_plus_qna_lsa": 0.9777842459790762
  },
  "by_ticker": {
    "AAPL": {
      "prior_only": {
        "mae": 0.0007304991011235955,
        "rmse": 0.0008410928018662778,
        "r2": -0.002273144066861299,
        "n": 8
      },
      "residual_market_plus_controls": {
        "mae": 5.625317231905639e-05,
        "rmse": 7.601851310481687e-05,
        "r2": 0.9918127697838827,
        "n": 8
      },
      "residual_market_controls_plus_a4": {
        "mae": 8.521412660010468e-05,
        "rmse": 0.00010152486019832346,
        "r2": 0.9853969671789631,
        "n": 8
      },
      "residual_market_controls_plus_a4_plus_qna_lsa": {
        "mae": 0.00010232917624634768,
        "rmse": 0.00012522221989782044,
        "r2": 0.9777842459790762,
        "n": 8
      }
    },
    "AMGN": {
      "prior_only": {
        "mae": 0.0006244935164835166,
        "rmse": 0.0007404277427738744,
        "r2": -1.1822776983213537,
        "n": 6
      },
      "residual_market_plus_controls": {
        "mae": 0.0001922742682829246,
        "rmse": 0.0002496740273486309,
        "r2": 0.7518630828674866,
        "n": 6
      },
      "residual_market_controls_plus_a4": {
        "mae": 0.00017392693482184713,
        "rmse": 0.0002641325151699247,
        "r2": 0.7222920051680548,
        "n": 6
      },
      "residual_market_controls_plus_a4_plus_qna_lsa": {
        "mae": 0.00021653578162706037,
        "rmse": 0.0003028224370509662,
        "r2": 0.6349765635647813,
        "n": 6
      }
    },
    "AMZN": {
      "prior_only": {
        "mae": 0.001035947239165329,
        "rmse": 0.001122916655164849,
        "r2": -0.21278300206446854,
        "n": 7
      },
      "residual_market_plus_controls": {
        "mae": 0.00010799981860489121,
        "rmse": 0.00017061069203555635,
        "r2": 0.9720037061114523,
        "n": 7
      },
      "residual_market_controls_plus_a4": {
        "mae": 0.00014498051134264023,
        "rmse": 0.00021406284936811393,
        "r2": 0.9559271983777586,
        "n": 7
      },
      "residual_market_controls_plus_a4_plus_qna_lsa": {
        "mae": 0.00014884287013241807,
        "rmse": 0.00023361341038982165,
        "r2": 0.9475091514304191,
        "n": 7
      }
    },
    "CSCO": {
      "prior_only": {
        "mae": 0.0022989599875156055,
        "rmse": 0.0036192051722996796,
        "r2": -0.4911785774228863,
        "n": 9
      },
      "residual_market_plus_controls": {
        "mae": 0.00015412656020478594,
        "rmse": 0.00020594926778166525,
        "r2": 0.9951713719541251,
        "n": 9
      },
      "residual_market_controls_plus_a4": {
        "mae": 0.00012519870542649616,
        "rmse": 0.00021139085452590993,
        "r2": 0.9949128371932577,
        "n": 9
      },
      "residual_market_controls_plus_a4_plus_qna_lsa": {
        "mae": 0.0001302392015354584,
        "rmse": 0.0001916598649638019,
        "r2": 0.9958181774157712,
        "n": 9
      }
    },
    "DIS": {
      "prior_only": {
        "mae": 0.000788681168539326,
        "rmse": 0.0011302942566096415,
        "r2": -0.018587858473667174,
        "n": 5
      },
      "residual_market_plus_controls": {
        "mae": 0.0001992562151944809,
        "rmse": 0.00020571339266227807,
        "r2": 0.9662603489294633,
        "n": 5
      },
      "residual_market_controls_plus_a4": {
        "mae": 0.00018283981999652718,
        "rmse": 0.00020735252138426313,
        "r2": 0.9657205302946137,
        "n": 5
      },
      "residual_market_controls_plus_a4_plus_qna_lsa": {
        "mae": 9.57754756842689e-05,
        "rmse": 0.00012787914540805237,
        "r2": 0.9869618820955848,
        "n": 5
      }
    },
    "IBM": {
      "prior_only": {
        "mae": 0.0015658850974025974,
        "rmse": 0.0020002677849098364,
        "r2": -0.5495693443503102,
        "n": 7
      },
      "residual_market_plus_controls": {
        "mae": 3.6634639239978966e-05,
        "rmse": 4.695874319842518e-05,
        "r2": 0.9991459807404351,
        "n": 7
      },
      "residual_market_controls_plus_a4": {
        "mae": 5.7235171708033293e-05,
        "rmse": 6.444287540549197e-05,
        "r2": 0.9983916352165823,
        "n": 7
      },
      "residual_market_controls_plus_a4_plus_qna_lsa": {
        "mae": 0.0002077350193303588,
        "rmse": 0.0002623249875656009,
        "r2": 0.9733489663980956,
        "n": 7
      }
    },
    "MSFT": {
      "prior_only": {
        "mae": 0.001032336507936508,
        "rmse": 0.0010354115769169309,
        "r2": -167.6062011236399,
        "n": 9
      },
      "residual_market_plus_controls": {
        "mae": 2.55392824511319e-05,
        "rmse": 2.701605372859469e-05,
        "r2": 0.8852133627733657,
        "n": 9
      },
      "residual_market_controls_plus_a4": {
        "mae": 2.804419348244362e-05,
        "rmse": 2.9675162449932734e-05,
        "r2": 0.8615051192970031,
        "n": 9
      },
      "residual_market_controls_plus_a4_plus_qna_lsa": {
        "mae": 3.4459982148557696e-05,
        "rmse": 4.6935199597766975e-05,
        "r2": 0.6535465833919262,
        "n": 9
      }
    },
    "NKE": {
      "prior_only": {
        "mae": 0.0009454359951159953,
        "rmse": 0.001317516250938286,
        "r2": -0.415365211888163,
        "n": 9
      },
      "residual_market_plus_controls": {
        "mae": 7.02386204728314e-05,
        "rmse": 7.545011924933495e-05,
        "r2": 0.9953583069625077,
        "n": 9
      },
      "residual_market_controls_plus_a4": {
        "mae": 9.344532403814557e-05,
        "rmse": 0.00010605113719809229,
        "r2": 0.9908296224715438,
        "n": 9
      },
      "residual_market_controls_plus_a4_plus_qna_lsa": {
        "mae": 7.97929837773065e-05,
        "rmse": 0.00010799185537236367,
        "r2": 0.9904909186921818,
        "n": 9
      }
    },
    "NVDA": {
      "prior_only": {
        "mae": 0.004671090478983383,
        "rmse": 0.007193944259868225,
        "r2": -0.6260619949245569,
        "n": 11
      },
      "residual_market_plus_controls": {
        "mae": 0.00011982578629593765,
        "rmse": 0.00019223156735371849,
        "r2": 0.9988389461140841,
        "n": 11
      },
      "residual_market_controls_plus_a4": {
        "mae": 0.00015900493968132098,
        "rmse": 0.0002710220455465429,
        "r2": 0.9976921254393224,
        "n": 11
      },
      "residual_market_controls_plus_a4_plus_qna_lsa": {
        "mae": 0.00026410356461977326,
        "rmse": 0.00035640472699789217,
        "r2": 0.996008925144952,
        "n": 11
      }
    }
  }
}