{
  "target_variant": "shock_minus_pre",
  "include_regimes": [],
  "exclude_html_flags": [
    "fail"
  ],
  "split_sizes": {
    "train": 244,
    "val": 74,
    "test": 156
  },
  "models": {
    "market_controls_ridge": {
      "family": "residual_ridge",
      "feature_count": 23,
      "val": {
        "mae": 0.0004534172048770907,
        "rmse": 0.0010977307643784693,
        "r2": 0.8722815822450921
      },
      "test": {
        "mae": 0.0004663194997568797,
        "rmse": 0.0007162581117314787,
        "r2": 0.9111161258526039
      },
      "val_by_regime": {
        "after_hours": {
          "mae": 0.0007274148915334966,
          "rmse": 0.0010321382442333381,
          "r2": 0.9555813858355184
        },
        "market_hours": {
          "mae": 0.00021338375559101279,
          "rmse": 0.00022943455714785816,
          "r2": 0.3548785498097732
        },
        "pre_market": {
          "mae": 0.0003656852715010803,
          "rmse": 0.0012813969914349692,
          "r2": -0.16406284485628087
        }
      },
      "test_by_regime": {
        "after_hours": {
          "mae": 0.0007494307627896997,
          "rmse": 0.0009893392492936897,
          "r2": 0.9128969213000567
        },
        "market_hours": {
          "mae": 0.0002605698118223076,
          "rmse": 0.00031351541562512237,
          "r2": 0.4483433922356459
        },
        "pre_market": {
          "mae": 0.00029648272428658984,
          "rmse": 0.0005024218111484366,
          "r2": 0.7347957156131464
        }
      },
      "best_alpha": 1.0
    },
    "market_controls_hgbr": {
      "family": "residual_hgbr",
      "feature_count": 23,
      "val": {
        "mae": 0.0006784733342943272,
        "rmse": 0.002412941511902562,
        "r2": 0.3829001393498057
      },
      "test": {
        "mae": 0.0006756314823187853,
        "rmse": 0.0016789980526662042,
        "r2": 0.511590330223263
      },
      "val_by_regime": {
        "after_hours": {
          "mae": 0.0014215247844046861,
          "rmse": 0.004028331018219237,
          "r2": 0.32338820447426064
        },
        "market_hours": {
          "mae": 0.00013341003772073104,
          "rmse": 0.00021473941546269238,
          "r2": 0.4348713139060939
        },
        "pre_market": {
          "mae": 0.00040797528830317054,
          "rmse": 0.0012096248022573424,
          "r2": -0.037314368383462915
        }
      },
      "test_by_regime": {
        "after_hours": {
          "mae": 0.001243503268282041,
          "rmse": 0.0026114659755990563,
          "r2": 0.3931074984164271
        },
        "market_hours": {
          "mae": 0.00016793170734736144,
          "rmse": 0.0002696810972185614,
          "r2": 0.591819702954192
        },
        "pre_market": {
          "mae": 0.00035841055461309273,
          "rmse": 0.0006158330162570336,
          "r2": 0.6015539701519701
        }
      },
      "best_params": {
        "learning_rate": 0.05,
        "max_depth": 3,
        "max_leaf_nodes": 15,
        "min_samples_leaf": 10,
        "l2_regularization": 0.0
      }
    },
    "ecc_text_ridge": {
      "family": "residual_ridge",
      "feature_count": 210,
      "val": {
        "mae": 0.001292452721643011,
        "rmse": 0.0028186375721851414,
        "r2": 0.15794524665165188
      },
      "test": {
        "mae": 0.001402057897719692,
        "rmse": 0.002408792332409718,
        "r2": -0.005269691675096055
      },
      "val_by_regime": {
        "after_hours": {
          "mae": 0.002340309338033549,
          "rmse": 0.004715355338478899,
          "r2": 0.07291807191066324
        },
        "market_hours": {
          "mae": 0.000700080168356322,
          "rmse": 0.0008397160101880873,
          "r2": -7.641491096107313
        },
        "pre_market": {
          "mae": 0.0008567544770906494,
          "rmse": 0.0013209591647904322,
          "r2": -0.2370515909112687
        }
      },
      "test_by_regime": {
        "after_hours": {
          "mae": 0.0020920977470620314,
          "rmse": 0.003525518146247935,
          "r2": -0.10608610518903938
        },
        "market_hours": {
          "mae": 0.0009736837228743606,
          "rmse": 0.0012123407049189968,
          "r2": -7.248982809278001
        },
        "pre_market": {
          "mae": 0.0009700672270900936,
          "rmse": 0.0013066932410744226,
          "r2": -0.7938695406809271
        }
      },
      "best_alpha": 1.0
    },
    "full_ridge": {
      "family": "residual_ridge",
      "feature_count": 233,
      "val": {
        "mae": 0.00041278567021664925,
        "rmse": 0.0009405310311968434,
        "r2": 0.9062420471679193
      },
      "test": {
        "mae": 0.0005195276940797864,
        "rmse": 0.000837681970003942,
        "r2": 0.8784255804525065
      },
      "val_by_regime": {
        "after_hours": {
          "mae": 0.0004665744739478064,
          "rmse": 0.0006798713480640371,
          "r2": 0.980727291984163
        },
        "market_hours": {
          "mae": 0.00020688737649808206,
          "rmse": 0.0002673918049283682,
          "r2": 0.12376619302395331
        },
        "pre_market": {
          "mae": 0.00044441738916039766,
          "rmse": 0.0011763823429070197,
          "r2": 0.0189163864811287
        }
      },
      "test_by_regime": {
        "after_hours": {
          "mae": 0.0008370945382180702,
          "rmse": 0.0012233750538901361,
          "r2": 0.8668128674633047
        },
        "market_hours": {
          "mae": 0.0003839932238816465,
          "rmse": 0.0005000635337478269,
          "r2": -0.4034643826845148
        },
        "pre_market": {
          "mae": 0.00030551658090404143,
          "rmse": 0.0004401435769424783,
          "r2": 0.7964681859468571
        }
      },
      "best_alpha": 10.0
    },
    "prior_only": {
      "family": "prior_passthrough",
      "feature_count": 1,
      "val": {
        "mae": 0.0008369921448467074,
        "rmse": 0.0028684567461127446,
        "r2": 0.12791569754959353
      },
      "test": {
        "mae": 0.0008997080301282035,
        "rmse": 0.0021418807180676007,
        "r2": 0.20516966962043892
      },
      "val_by_regime": {
        "after_hours": {
          "mae": 0.0019359475750722708,
          "rmse": 0.00488615479141035,
          "r2": 0.004540246726409847
        },
        "market_hours": {
          "mae": 0.0001358201384032634,
          "rmse": 0.00025298416878457143,
          "r2": 0.21564890141123394
        },
        "pre_market": {
          "mae": 0.0004046354572091014,
          "rmse": 0.0012299004858063174,
          "r2": -0.07238066129651921
        }
      },
      "test_by_regime": {
        "after_hours": {
          "mae": 0.0017099680987751103,
          "rmse": 0.0032923882406563987,
          "r2": 0.03536034400330934
        },
        "market_hours": {
          "mae": 0.00022827627185583732,
          "rmse": 0.0004447585585385236,
          "r2": -0.1101959852156571
        },
        "pre_market": {
          "mae": 0.0004340145143926265,
          "rmse": 0.0008938916569189835,
          "r2": 0.1605142393718304
        }
      }
    },
    "global_market_full_blend": {
      "family": "validation_selected_blend",
      "blend_weight_full": 0.75,
      "base_models": [
        "market_controls_ridge",
        "full_ridge"
      ],
      "val": {
        "mae": 0.00036422019659735727,
        "rmse": 0.0009242691167675084,
        "r2": 0.9094561948284748
      },
      "test": {
        "mae": 0.0004692752722791574,
        "rmse": 0.0007495379628987221,
        "r2": 0.9026645284964785
      },
      "val_by_regime": {
        "after_hours": {
          "mae": 0.00036975434082132946,
          "rmse": 0.0005375416783429699,
          "r2": 0.987952039091593
        },
        "market_hours": {
          "mae": 0.00019729812481265025,
          "rmse": 0.00023352358548023197,
          "r2": 0.33167867366808323
        },