{
  "target_variant": "shock_minus_pre",
  "include_regimes": [],
  "exclude_html_flags": [],
  "split_sizes": {
    "train": 281,
    "val": 90,
    "test": 182
  },
  "models": {
    "market_controls_ridge": {
      "family": "residual_ridge",
      "feature_count": 23,
      "val": {
        "mae": 0.00042078470244250884,
        "rmse": 0.0010128626505205855,
        "r2": 0.8694512752281626
      },
      "test": {
        "mae": 0.0004375244302935353,
        "rmse": 0.0006789000143976699,
        "r2": 0.9089054296986068
      },
      "val_by_regime": {
        "after_hours": {
          "mae": 0.0006066473919958164,
          "rmse": 0.0009007248453568193,
          "r2": 0.9542850783342303
        },
        "market_hours": {
          "mae": 0.00019895977414238674,
          "rmse": 0.0002083757998974374,
          "r2": 0.4678692211950938
        },
        "pre_market": {
          "mae": 0.0003493562910054572,
          "rmse": 0.0011964381359085396,
          "r2": -0.18704149203873932
        }
      },
      "test_by_regime": {
        "after_hours": {
          "mae": 0.0006901094878724136,
          "rmse": 0.000934969281951271,
          "r2": 0.9113202152064137
        },
        "market_hours": {
          "mae": 0.0002618907976733708,
          "rmse": 0.00031360336831907524,
          "r2": 0.3829727973098229
        },
        "pre_market": {
          "mae": 0.00027943904635581896,
          "rmse": 0.00046994165964256554,
          "r2": 0.7380624948675432
        }
      },
      "best_alpha": 0.1
    },
    "market_controls_hgbr": {
      "family": "residual_hgbr",
      "feature_count": 23,
      "val": {
        "mae": 0.0006150095330997319,
        "rmse": 0.002207193660268755,
        "r2": 0.3800560865487148
      },
      "test": {
        "mae": 0.0006156162457293331,
        "rmse": 0.0015982383695695179,
        "r2": 0.4951481392344834
      },
      "val_by_regime": {
        "after_hours": {
          "mae": 0.0011575414119348623,
          "rmse": 0.0034515638376759077,
          "r2": 0.32871720618359246
        },
        "market_hours": {
          "mae": 0.00013379391554020165,
          "rmse": 0.0002183766577770972,
          "r2": 0.41556495589010745
        },
        "pre_market": {
          "mae": 0.00036313056109951866,
          "rmse": 0.0011097954459008538,
          "r2": -0.021342211103736908
        }
      },
      "test_by_regime": {
        "after_hours": {
          "mae": 0.0011487001493048334,
          "rmse": 0.002479042517339806,
          "r2": 0.3765553592338716
        },
        "market_hours": {
          "mae": 0.00016068792299278755,
          "rmse": 0.00024821302348030337,
          "r2": 0.6134621708898463
        },
        "pre_market": {
          "mae": 0.00030280125636240613,
          "rmse": 0.0005528059144716715,
          "r2": 0.6375441147068102
        }
      },
      "best_params": {
        "learning_rate": 0.05,
        "max_depth": 3,
        "max_leaf_nodes": 15,
        "min_samples_leaf": 10,
        "l2_regularization": 0.0
      }
    },
    "ecc_text_ridge": {
      "family": "residual_ridge",
      "feature_count": 210,
      "val": {
        "mae": 0.001000510416447735,
        "rmse": 0.002561383768463762,
        "r2": 0.16512621097957558
      },
      "test": {
        "mae": 0.001075060308021184,
        "rmse": 0.0021396674662315885,
        "r2": 0.09515660131576698
      },
      "val_by_regime": {
        "after_hours": {
          "mae": 0.0018323122587666422,
          "rmse": 0.004042959181888846,
          "r2": 0.07897290083438946
        },
        "market_hours": {
          "mae": 0.0003795813545645044,
          "rmse": 0.00047616660955643233,
          "r2": -1.778700219689513
        },
        "pre_market": {
          "mae": 0.0005838471509780338,
          "rmse": 0.0011858256239153087,
          "r2": -0.16607656078092004
        }
      },
      "test_by_regime": {
        "after_hours": {
          "mae": 0.0017236824878013874,
          "rmse": 0.0032022661159445613,
          "r2": -0.04026691299055574
        },
        "market_hours": {
          "mae": 0.0005643231580013546,
          "rmse": 0.0007433625234870695,
          "r2": -2.4669230195303347
        },
        "pre_market": {
          "mae": 0.0006838697747182834,
          "rmse": 0.0010222313631437908,
          "r2": -0.2393905971121506
        }
      },
      "best_alpha": 10.0
    },
    "full_ridge": {
      "family": "residual_ridge",
      "feature_count": 233,
      "val": {
        "mae": 0.00036099517117051973,
        "rmse": 0.0007938269487038993,
        "r2": 0.9198094491520692
      },
      "test": {
        "mae": 0.0004674724569917569,
        "rmse": 0.0007650302582926333,
        "r2": 0.8843253801211582
      },
      "val_by_regime": {
        "after_hours": {
          "mae": 0.00041759612831914167,
          "rmse": 0.0005909654819389677,
          "r2": 0.980321231149089
        },
        "market_hours": {
          "mae": 0.00014854405305655865,
          "rmse": 0.00017937001805826158,
          "r2": 0.6057029541096981
        },
        "pre_market": {
          "mae": 0.00037704262309685966,
          "rmse": 0.0009907478569291112,
          "r2": 0.18602383539462708
        }
      },
      "test_by_regime": {
        "after_hours": {
          "mae": 0.0007674166160690368,
          "rmse": 0.0011110166955563565,
          "r2": 0.874780744897578
        },
        "market_hours": {
          "mae": 0.0002419631937561574,
          "rmse": 0.00038106426522337394,
          "r2": 0.08895606331655925
        },
        "pre_market": {
          "mae": 0.00028393502437036724,
          "rmse": 0.000419809099386715,
          "r2": 0.7909676565209287
        }
      },
      "best_alpha": 10.0
    },
    "prior_only": {
      "family": "prior_passthrough",
      "feature_count": 1,
      "val": {
        "mae": 0.0007485886175131966,
        "rmse": 0.0026033171123127337,
        "r2": 0.13756640285326538
      },
      "test": {
        "mae": 0.0008094956854316774,
        "rmse": 0.0020151933197818527,
        "r2": 0.1973720382613633
      },
      "val_by_regime": {
        "after_hours": {
          "mae": 0.0015227439221811175,
          "rmse": 0.004144834039199095,
          "r2": 0.031971849242446115
        },
        "market_hours": {
          "mae": 0.000135776855006105,
          "rmse": 0.00025068852271947333,
          "r2": 0.22981913975083612
        },
        "pre_market": {
          "mae": 0.00036990973491997137,
          "rmse": 0.0011368385532985839,
          "r2": -0.07172408591465729
        }
      },
      "test_by_regime": {
        "after_hours": {
          "mae": 0.0015319324482105945,
          "rmse": 0.003083153946393892,
          "r2": 0.03568179460812693
        },
        "market_hours": {
          "mae": 0.00020632825865384135,
          "rmse": 0.0004137435236476908,
          "r2": -0.07400249764006106
        },
        "pre_market": {
          "mae": 0.0003822672947778493,
          "rmse": 0.0008239545053739064,
          "r2": 0.19477683625645426
        }
      }
    },
    "global_market_full_blend": {
      "family": "validation_selected_blend",
      "blend_weight_full": 0.9500000000000001,
      "base_models": [
        "market_controls_ridge",
        "full_ridge"
      ],
      "val": {
        "mae": 0.0003524223466333478,
        "rmse": 0.0007927412578430485,
        "r2": 0.9200286470825855
      },
      "test": {
        "mae": 0.0004569850703212052,
        "rmse": 0.0007480054667167952,
        "r2": 0.8894164826360026
      },
      "val_by_regime": {
        "after_hours": {
          "mae": 0.00040108953340630446,
          "rmse": 0.0005653928119819491,
          "r2": 0.9819874889225245
        },
        "market_hours": {
          "mae": 0.0001442551091075256,
          "rmse": 0.0001734288246330741,
          "r2": 0.6313906211403505
        },