{
  "target_variant": "shock_minus_pre",
  "include_regimes": [
    "after_hours",
    "pre_market"
  ],
  "exclude_html_flags": [],
  "split_sizes": {
    "train": 239,
    "val": 78,
    "test": 160
  },
  "models": {
    "market_controls_ridge": {
      "family": "residual_ridge",
      "feature_count": 23,
      "val": {
        "mae": 0.00047878859538439246,
        "rmse": 0.0011271216630746887,
        "r2": 0.8593874082279269
      },
      "test": {
        "mae": 0.0004721578537738247,
        "rmse": 0.0007174687034081854,
        "r2": 0.9093925922646195
      },
      "val_by_regime": {
        "after_hours": {
          "mae": 0.0006065130638579272,
          "rmse": 0.0008561242733042513,
          "r2": 0.9587002601191298
        },
        "pre_market": {
          "mae": 0.0003899367912288901,
          "rmse": 0.001282296617487649,
          "r2": -0.3635227798116394
        }
      },
      "test_by_regime": {
        "after_hours": {
          "mae": 0.0006873923557020662,
          "rmse": 0.0009337438933815185,
          "r2": 0.9115525137131171
        },
        "pre_market": {
          "mae": 0.0003004539252692724,
          "rmse": 0.00047944842736678464,
          "r2": 0.7273574776558276
        }
      },
      "best_alpha": 1.0
    },
    "market_controls_hgbr": {
      "family": "residual_hgbr",
      "feature_count": 23,
      "val": {
        "mae": 0.0006855278521637215,
        "rmse": 0.0023618599261016012,
        "r2": 0.38256549747447643
      },
      "test": {
        "mae": 0.0006881092748807393,
        "rmse": 0.0016739938298041177,
        "r2": 0.5067518236921823
      },
      "val_by_regime": {
        "after_hours": {
          "mae": 0.001135227374857196,
          "rmse": 0.003441020317874288,
          "r2": 0.3328120881751795
        },
        "pre_market": {
          "mae": 0.000372693401594348,
          "rmse": 0.0011054602988187705,
          "r2": -0.013378543718081781
        }
      },
      "test_by_regime": {
        "after_hours": {
          "mae": 0.00115927039272259,
          "rmse": 0.0024374645026796495,
          "r2": 0.3972925707336783
        },
        "pre_market": {
          "mae": 0.00031223916963611686,
          "rmse": 0.0005460100158165118,
          "r2": 0.6464010125381732
        }
      },
      "best_params": {
        "learning_rate": 0.05,
        "max_depth": 3,
        "max_leaf_nodes": 15,
        "min_samples_leaf": 10,
        "l2_regularization": 0.0
      }
    },
    "ecc_text_ridge": {
      "family": "residual_ridge",
      "feature_count": 210,
      "val": {
        "mae": 0.0010358587261424736,
        "rmse": 0.0027737323913171793,
        "r2": 0.14844689713283987
      },
      "test": {
        "mae": 0.0010611651756648685,
        "rmse": 0.002212079715774432,
        "r2": 0.13869031785873454
      },
      "val_by_regime": {
        "after_hours": {
          "mae": 0.0017736204071607886,
          "rmse": 0.004095358263635459,
          "r2": 0.054944105539125765
        },
        "pre_market": {
          "mae": 0.0005226332089123418,
          "rmse": 0.0011739697582692353,
          "r2": -0.142876291769511
        }
      },
      "test_by_regime": {
        "after_hours": {
          "mae": 0.0016568955276838851,
          "rmse": 0.0031446874733816023,
          "r2": -0.00319400186078056
        },
        "pre_market": {
          "mae": 0.000585919613941833,
          "rmse": 0.0009528446845049204,
          "r2": -0.07684705643756118
        }
      },
      "best_alpha": 100.0
    },
    "full_ridge": {
      "family": "residual_ridge",
      "feature_count": 233,
      "val": {
        "mae": 0.0004028390291241067,
        "rmse": 0.0008632065457398907,
        "r2": 0.9175269474420065
      },
      "test": {
        "mae": 0.0004991156402327395,
        "rmse": 0.0007823145287895483,
        "r2": 0.8922739901135565
      },
      "val_by_regime": {
        "after_hours": {
          "mae": 0.00039678833807875555,
          "rmse": 0.000546186869948088,
          "r2": 0.983190445382941
        },
        "pre_market": {
          "mae": 0.0004070482055034815,
          "rmse": 0.0010275926813856815,
          "r2": 0.1243563358346591
        }
      },
      "test_by_regime": {
        "after_hours": {
          "mae": 0.0007461412799795947,
          "rmse": 0.0010724500815689774,
          "r2": 0.8833233050328129
        },
        "pre_market": {
          "mae": 0.00030205024223243934,
          "rmse": 0.00042745617967626827,
          "r2": 0.7832829930500234
        }
      },
      "best_alpha": 10.0
    },
    "prior_only": {
      "family": "prior_passthrough",
      "feature_count": 1,
      "val": {
        "mae": 0.000845440795154098,
        "rmse": 0.0027946380475151085,
        "r2": 0.1355621902662162
      },
      "test": {
        "mae": 0.000892285284185914,
        "rmse": 0.0021436956278310083,
        "r2": 0.19112013144933993
      },
      "val_by_regime": {
        "after_hours": {
          "mae": 0.0015227439221811175,
          "rmse": 0.004144834039199095,
          "r2": 0.031971849242446115
        },
        "pre_market": {
          "mae": 0.00037427340243964975,
          "rmse": 0.001136655724867191,
          "r2": -0.0713794004232986
        }
      },
      "test_by_regime": {
        "after_hours": {
          "mae": 0.0015319324482105945,
          "rmse": 0.003083153946393892,
          "r2": 0.03568179460812693
        },
        "pre_market": {
          "mae": 0.00038200496232352883,
          "rmse": 0.0008234923910089947,
          "r2": 0.1956798007794185
        }
      }
    },
    "global_market_full_blend": {
      "family": "validation_selected_blend",
      "blend_weight_full": 1.0,
      "base_models": [
        "market_controls_ridge",
        "full_ridge"
      ],
      "val": {
        "mae": 0.0004028390291241067,
        "rmse": 0.0008632065457398907,
        "r2": 0.9175269474420065
      },
      "test": {
        "mae": 0.0004991156402327395,
        "rmse": 0.0007823145287895483,
        "r2": 0.8922739901135565
      },
      "val_by_regime": {
        "after_hours": {
          "mae": 0.00039678833807875555,
          "rmse": 0.000546186869948088,
          "r2": 0.983190445382941
        },
        "pre_market": {
          "mae": 0.0004070482055034815,
          "rmse": 0.0010275926813856815,
          "r2": 0.1243563358346591
        }
      },
      "test_by_regime": {
        "after_hours": {
          "mae": 0.0007461412799795947,
          "rmse": 0.0010724500815689774,
          "r2": 0.8833233050328129
        },
        "pre_market": {
          "mae": 0.00030205024223243934,
          "rmse": 0.00042745617967626827,
          "r2": 0.7832829930500234
        }
      }
    },
    "regime_gated_market_full_blend": {
      "family": "regime_gated_blend",
      "base_models": [
        "market_controls_ridge",
        "full_ridge"
      ],
      "regime_weights": {
        "after_hours": 0.8,
        "pre_market": 1.0
      },
      "val": {
        "mae": 0.00038167241901126693,
        "rmse": 0.0008540633179910775,
        "r2": 0.9192648311252818
      },
      "test": {
        "mae": 0.00047001569592604005,
        "rmse": 0.0007321609912855467,
        "r2": 0.9056436885327922
      },
      "val_by_regime": {
        "after_hours": {
          "mae": 0.00034519472592870837,
          "rmse": 0.0005099489779084933,
          "r2": 0.9853469798608261
        },
        "pre_market": {
          "mae": 0.0004070482055034815,
          "rmse": 0.0010275926813856815,
          "r2": 0.1243563358346591
        }
      },
      "test_by_regime": {
        "after_hours": {
          "mae": 0.0006805639406968918,
          "rmse": 0.0009894342019008428,
          "r2": 0.9006875301638119
        },
        "pre_market": {
          "mae": 0.00030205024223243934,
          "rmse": 0.00042745617967626827,