{
  "data": {
    "a1_files": 2146,
    "a2_files": 842,
    "a3_files": 796,
    "a4_files": 671,
    "a4_parsed_events": 670,
    "d_tickers": 25,
    "dj30_total_tickers": 30,
    "panel_rows": 553,
    "target_rows": 553,
    "feature_rows": 553,
    "clean_afterhours_rows": 172,
    "a2_fail": 114,
    "a2_warn": 6,
    "a2_pass": 722,
    "missing_d_tickers": [
      "CRM",
      "CVX",
      "PG",
      "TRV",
      "V"
    ]
  },
  "splits": {
    "precall_clean_afterhours": {
      "train": 89,
      "val": 23,
      "test": 60
    },
    "offhours_corrected_clean": {
      "train": 212,
      "val": 62,
      "test": 137
    }
  },
  "mainline": {
    "offhours_prior_only_r2": 0.19781037234527876,
    "offhours_structured_only_r2": 0.9127393056476162,
    "pre_only_r2": 0.9173936955166082,
    "pre_controls_r2": 0.9194484931037489,
    "pre_a4_r2": 0.9014394909383164,
    "pre_a4_qna_r2": 0.9271126178949579,
    "pre_controls_a4_r2": 0.8967668566338923,
    "pre_controls_a4_qna_r2": 0.9347212284944735,
    "sig_a4_to_qna": {
      "rmse_diff_mean": 0.00014957018966470386,
      "rmse_diff_ci_low": 6.186428201809897e-05,
      "rmse_diff_ci_high": 0.00024291348126153392,
      "mae_diff_mean": 0.00016198746741196855,
      "mae_diff_ci_low": 6.264232082155686e-05,
      "mae_diff_ci_high": 0.0002625606290272131,
      "r2_gain_mean": 0.03286467900170395,
      "r2_gain_ci_low": 0.010310526230051237,
      "r2_gain_ci_high": 0.09040467490898214,
      "mse_gain_mean": 2.8849330599017435e-07,
      "mse_gain_pvalue": 0.002,
      "mae_gain_mean": 0.0001612433710672429,
      "mae_gain_pvalue": 0.00275
    },
    "sig_controls_a4_to_qna": {
      "rmse_diff_mean": 0.0002232288141628744,
      "rmse_diff_ci_low": 6.01938148261218e-05,
      "rmse_diff_ci_high": 0.0004093255090189021,
      "mae_diff_mean": 0.00018986407722490405,
      "mae_diff_ci_low": 5.5448415707821975e-05,
      "mae_diff_ci_high": 0.0003401131678595295,
      "r2_gain_mean": 0.045980869297267406,
      "r2_gain_ci_low": 0.011612824837602264,
      "r2_gain_ci_high": 0.10930440598307384,
      "mse_gain_mean": 4.264997494591109e-07,
      "mse_gain_pvalue": 0.01225,
      "mae_gain_mean": 0.00018773277642785015,
      "mae_gain_pvalue": 0.0085
    }
  },
  "extensions": {
    "controls_only_r2": 0.8746660501608923,
    "controls_a4_r2": 0.9088551383791462,
    "controls_a4_qna_r2": 0.9347013940309629,
    "controls_a4_role_seq_r2": 0.8408773174734108,
    "controls_a4_weak_seq_r2": 0.8656564670951067,
    "controls_a4_qna_role_seq_r2": 0.8394582806632718,
    "controls_a4_qna_weak_seq_r2": 0.885882373950069,
    "controls_audio_svd_r2": 0.9246849538211775,
    "controls_a4_audio_svd_r2": 0.9201055939866062,
    "controls_a4_qna_audio_svd_r2": 0.9273808317835617,
    "controls_a4_qna_r2_lsa64": 0.9347212284944735,
    "role_mainline_question_stack_r2": 0.9294173089270833,
    "role_mainline_question_resid_r2": 0.8877041205759219,
    "role_mainline_question_replacement_r2": 0.9081629821809784
  },
  "transfer": {
    "pre_only_r2": 0.997885698997748,
    "retained_sem_audio_r2": 0.9978779067327428,
    "selected_expert_r2": 0.9978793378780909,
    "tree_override_r2": 0.9979009193572165,
    "logistic_override_r2": 0.9978994348982547,
    "consensus_pre_r2": 0.9979191318848302,
    "consensus_sem_backbone_r2": 0.9979015773194315,
    "consensus_avg_r2": 0.9979032058074588,
    "agreement_rate": 0.6809338521400778,
    "sig_consensus_pre_vs_pre": {
      "rmse_diff_mean": 1.3299483059552e-06,
      "rmse_diff_ci_low": -3.6699940808341296e-07,
      "rmse_diff_ci_high": 3.4227714647555164e-06,
      "mae_diff_mean": 2.7644765356750757e-08,
      "mae_diff_ci_low": -1.5450502259282507e-06,
      "mae_diff_ci_high": 1.695108195222561e-06,
      "r2_gain_mean": 3.568992839009194e-05,
      "r2_gain_ci_low": -1.018986359809515e-05,
      "r2_gain_ci_high": 9.815464393597431e-05,
      "mse_gain_mean": 4.170960783521137e-10,
      "mse_gain_pvalue": 0.197,
      "mae_gain_mean": 1.4714514330591346e-09,
      "mae_gain_pvalue": 0.99875
    },
    "sig_consensus_pre_vs_retained": {
      "rmse_diff_mean": 6.972601013859224e-07,
      "rmse_diff_ci_low": -3.7098372065266395e-08,
      "rmse_diff_ci_high": 1.5374378481755221e-06,
      "mae_diff_mean": 1.4749034388118572e-06,
      "mae_diff_ci_low": 1.285902073267333e-07,
      "mae_diff_ci_high": 2.8173463380210486e-06,
      "r2_gain_mean": 1.9111267403313258e-05,
      "r2_gain_ci_low": -9.557424425876702e-07,
      "r2_gain_ci_high": 4.739467661506738e-05,
      "mse_gain_mean": 2.1900413108078823e-10,
      "mse_gain_pvalue": 0.068,
      "mae_gain_mean": 1.471040529387286e-06,
      "mae_gain_pvalue": 0.03325
    }
  },
  "hardest_question": {
    "tail_question_r2": 0.9986546797091032,
    "tail_question_p_mse_vs_hard": 0.04425,
    "hard_abstention_r2": 0.9986356941572129,
    "geometry_only_r2": 0.9986387841937947,
    "masked_question_r2": 0.9986546797091032,
    "masked_question_p_mse_vs_hard": 0.04425,
    "qa_mask_struct_r2": 0.9985571935563263,
    "answer_mask_struct_r2": 0.9985505342502144,
    "question_plus_qa_r2": 0.9985214834587994,
    "question_plus_answer_r2": 0.9985093360410866,
    "supervised_pls4_r2": 0.9985858967813714,
    "clarify_lex_factor_r2": 0.9986426801253959,
    "clarify_direct_r2": 0.9984947127125494
  }
}