{
  "config": {
    "temporal_root": "/media/volume/dataset/xma8/work/icaif_ecc_news_attention/results/afterhours_transfer_router_temporal_confirmation_role_aware_audio_lsa4_real",
    "text_views_csv": "/media/volume/dataset/xma8/work/icaif_ecc_news_attention/results/qa_pair_tail_text_views_real/qa_pair_tail_text_views.csv",
    "train_split": "val2020_test_post2020",
    "val_split": "val2021_test_post2021",
    "refit_train_splits": [
      "val2020_test_post2020",
      "val2021_test_post2021"
    ],
    "test_split": "val2022_test_post2022",
    "alpha_grid": [
      0.01,
      0.1,
      1.0,
      10.0,
      100.0,
      1000.0
    ],
    "text_col": "tail_top1_question_text"
  },
  "coverage": {
    "temporal_rows": 257,
    "with_text": 257,
    "with_clarify_modeling_lex": 171,
    "with_quant_bridge_lex": 162,
    "with_structural_probe_lex": 71,
    "with_clarify_quant_lex": 231
  },
  "split_sizes": {
    "train_agreement_size": 80,
    "val_agreement_size": 51,
    "refit_agreement_size": 131,
    "test_agreement_size": 44,
    "test_full_size": 60
  },
  "reference": {
    "test_full_pre": {
      "mae": 6.755971064721144e-05,
      "rmse": 0.00013060370956910247,
      "r2": 0.9984820619311983
    },
    "test_full_agreed": {
      "mae": 6.814738429888915e-05,
      "rmse": 0.0001243356196594965,
      "r2": 0.9986242670023903
    },
    "test_full_hard_abstention": {
      "mae": 6.724586012089539e-05,
      "rmse": 0.0001236149724373469,
      "r2": 0.9986401682388036
    }
  },
  "families": [
    {
      "family": "geometry_only",
      "feature_count": 8,
      "selected_alpha": 10.0,
      "val_r2": 0.9973314780942115,
      "val_use_agreed_share": 0.35294117647058826,
      "test_full_r2": 0.9986387841937947,
      "test_full_rmse": 0.00012367786447255066,
      "test_full_mae": 6.75429352595314e-05,
      "test_full_p_mse_vs_hard": 0.45025,
      "test_full_p_mse_vs_pre": 0.15925,
      "test_use_agreed_share": 0.5
    },
    {
      "family": "clarify_modeling_lex",
      "feature_count": 14,
      "selected_alpha": 0.01,
      "val_r2": 0.9973012197037173,
      "val_use_agreed_share": 0.7254901960784313,
      "test_full_r2": 0.9984947127125494,
      "test_full_rmse": 0.00013005833293434918,
      "test_full_mae": 6.748681031138902e-05,
      "test_full_p_mse_vs_hard": 0.20575,
      "test_full_p_mse_vs_pre": 0.46425,
      "test_use_agreed_share": 0.2727272727272727
    },
    {
      "family": "clarify_modeling_lex_factor_pca1",
      "feature_count": 1,
      "selected_alpha": 0.01,
      "val_r2": 0.9971623110231403,
      "val_use_agreed_share": 1.0,
      "test_full_r2": 0.9986426801253959,
      "test_full_rmse": 0.00012350074863199322,
      "test_full_mae": 6.635577036750798e-05,
      "test_full_p_mse_vs_hard": 0.325,
      "test_full_p_mse_vs_pre": 0.14225,
      "test_use_agreed_share": 0.8409090909090909
    },
    {
      "family": "geometry_plus_clarify_modeling_lex_factor_pca1",
      "feature_count": 9,
      "selected_alpha": 10.0,
      "val_r2": 0.9973314780942115,
      "val_use_agreed_share": 0.35294117647058826,
      "test_full_r2": 0.9986387841937947,
      "test_full_rmse": 0.00012367786447255066,
      "test_full_mae": 6.75429352595314e-05,
      "test_full_p_mse_vs_hard": 0.45025,
      "test_full_p_mse_vs_pre": 0.15925,
      "test_use_agreed_share": 0.5
    },
    {
      "family": "quant_bridge_lex",
      "feature_count": 13,
      "selected_alpha": 100.0,
      "val_r2": 0.9974041895873346,
      "val_use_agreed_share": 0.47058823529411764,
      "test_full_r2": 0.9986100014167264,
      "test_full_rmse": 0.0001249786027090824,
      "test_full_mae": 6.511190119866453e-05,
      "test_full_p_mse_vs_hard": 0.96475,
      "test_full_p_mse_vs_pre": 0.08225,
      "test_use_agreed_share": 0.4090909090909091
    },
    {
      "family": "quant_bridge_lex_factor_pca1",
      "feature_count": 1,
      "selected_alpha": 0.01,
      "val_r2": 0.9971623110231403,
      "val_use_agreed_share": 1.0,
      "test_full_r2": 0.9985801585653302,
      "test_full_rmse": 0.00012631310441023246,
      "test_full_mae": 6.623189298806802e-05,
      "test_full_p_mse_vs_hard": 0.483,
      "test_full_p_mse_vs_pre": 0.22475,
      "test_use_agreed_share": 0.29545454545454547
    },
    {
      "family": "geometry_plus_quant_bridge_lex_factor_pca1",
      "feature_count": 9,
      "selected_alpha": 10.0,
      "val_r2": 0.9973314780942115,
      "val_use_agreed_share": 0.5686274509803921,
      "test_full_r2": 0.9986381099762374,
      "test_full_rmse": 0.00012370848983867593,
      "test_full_mae": 6.761052207923236e-05,
      "test_full_p_mse_vs_hard": 0.266,
      "test_full_p_mse_vs_pre": 0.16325,
      "test_use_agreed_share": 0.4772727272727273
    },
    {
      "family": "structural_probe_lex",
      "feature_count": 8,
      "selected_alpha": 1000.0,
      "val_r2": 0.9971623110231403,
      "val_use_agreed_share": 1.0,
      "test_full_r2": 0.9986424546708325,
      "test_full_rmse": 0.00012351100511307506,
      "test_full_mae": 6.680322535313445e-05,
      "test_full_p_mse_vs_hard": 0.87525,
      "test_full_p_mse_vs_pre": 0.14125,
      "test_use_agreed_share": 0.8636363636363636
    },
    {
      "family": "structural_probe_lex_factor_pca1",
      "feature_count": 1,
      "selected_alpha": 100.0,
      "val_r2": 0.9971623110231403,
      "val_use_agreed_share": 1.0,
      "test_full_r2": 0.9986401682388036,
      "test_full_rmse": 0.0001236149724373469,
      "test_full_mae": 6.724586012089539e-05,
      "test_full_p_mse_vs_hard": 1.0,
      "test_full_p_mse_vs_pre": 0.15275,
      "test_use_agreed_share": 1.0
    },
    {
      "family": "geometry_plus_structural_probe_lex_factor_pca1",
      "feature_count": 9,
      "selected_alpha": 10.0,
      "val_r2": 0.9973314780942115,
      "val_use_agreed_share": 0.7058823529411765,
      "test_full_r2": 0.9986387841937947,
      "test_full_rmse": 0.00012367786447255066,
      "test_full_mae": 6.75429352595314e-05,
      "test_full_p_mse_vs_hard": 0.45025,
      "test_full_p_mse_vs_pre": 0.15925,
      "test_use_agreed_share": 0.5227272727272727
    },
    {
      "family": "clarify_quant_lex",
      "feature_count": 27,
      "selected_alpha": 10.0,
      "val_r2": 0.9973313213132639,
      "val_use_agreed_share": 0.4117647058823529,
      "test_full_r2": 0.9985918817170829,
      "test_full_rmse": 0.0001257905612126836,
      "test_full_mae": 6.68139619928441e-05,
      "test_full_p_mse_vs_hard": 0.70625,
      "test_full_p_mse_vs_pre": 0.21675,
      "test_use_agreed_share": 0.5227272727272727
    },
    {
      "family": "clarify_quant_lex_factor_pca1",
      "feature_count": 1,
      "selected_alpha": 0.01,
      "val_r2": 0.9971623110231403,
      "val_use_agreed_share": 0.9607843137254902,
      "test_full_r2": 0.9986297078267149,
      "test_full_rmse": 0.000124089511423324,
      "test_full_mae": 6.724462693613875e-05,
      "test_full_p_mse_vs_hard": 1.0,
      "test_full_p_mse_vs_pre": 0.1965,
      "test_use_agreed_share": 0.8181818181818182
    },
    {
      "family": "geometry_plus_clarify_quant_lex_factor_pca1",
      "feature_count": 9,
      "selected_alpha": 10.0,
      "val_r2": 0.9973314780942115,
      "val_use_agreed_share": 0.5490196078431373,
      "test_full_r2": 0.9986387841937947,
      "test_full_rmse": 0.00012367786447255066,
      "test_full_mae": 6.75429352595314e-05,
      "test_full_p_mse_vs_hard": 0.45025,
      "test_full_p_mse_vs_pre": 0.15925,
      "test_use_agreed_share": 0.5
    }
  ],
  "best_family": "clarify_modeling_lex_factor_pca1",
  "best_family_summary": {
    "feature_names": [
      "clarify_modeling_lex_factor_pca1__score"
    ],
    "selected_alpha": 0.01,
    "best_validation": {
      "family": "clarify_modeling_lex_factor_pca1",
      "alpha": 0.01,
      "val_r2": 0.9971623110231403,
      "val_rmse": 8.55847019065176e-05,
      "val_mae": 5.18139405171146e-05,
      "val_use_agreed_share": 1.0,