{
  "target_variant": "shock_minus_pre",
  "include_regimes": [
    "after_hours"
  ],
  "exclude_html_flags": [
    "fail"
  ],
  "candidate_tickers": 9,
  "evaluated_tickers": 9,
  "skipped_tickers": {},
  "overall_test_size": 60,
  "overall": {
    "prior_only": {
      "mae": 0.0019021485078033428,
      "rmse": 0.0035445719653678215,
      "r2": -0.1180741957523701
    },
    "residual_pre_call_market_only": {
      "mae": 6.755971064721144e-05,
      "rmse": 0.00013060370956910247,
      "r2": 0.9984820619311983
    },
    "residual_pre_call_market_plus_controls": {
      "mae": 8.310498245921939e-05,
      "rmse": 0.00013535350046082394,
      "r2": 0.9983696456313008
    },
    "residual_pre_call_market_plus_a4": {
      "mae": 7.65483310004972e-05,
      "rmse": 0.00014104500068784346,
      "r2": 0.9982296529057315
    },
    "residual_pre_call_market_plus_a4_plus_qna_lsa": {
      "mae": 0.00010210477082706663,
      "rmse": 0.0001568116153532398,
      "r2": 0.9978117371614981
    },
    "residual_pre_call_market_plus_controls_plus_a4": {
      "mae": 9.130623089599362e-05,
      "rmse": 0.00014781282652861317,
      "r2": 0.998055682113011
    },
    "residual_pre_call_market_plus_controls_plus_a4_plus_qna_lsa": {
      "mae": 0.00012114747207920296,
      "rmse": 0.00017734092576464076,
      "r2": 0.9972012702103232
    }
  },
  "median_ticker_r2": {
    "prior_only": -0.4814445962507492,
    "residual_pre_call_market_only": 0.9954270449002872,
    "residual_pre_call_market_plus_controls": 0.9928629463910508,
    "residual_pre_call_market_plus_a4": 0.9949477272110294,
    "residual_pre_call_market_plus_a4_plus_qna_lsa": 0.9930458692309607,
    "residual_pre_call_market_plus_controls_plus_a4": 0.9941241943899779,
    "residual_pre_call_market_plus_controls_plus_a4_plus_qna_lsa": 0.9890225610619866
  },
  "by_ticker": {
    "AAPL": {
      "prior_only": {
        "mae": 0.0008635336455696203,
        "rmse": 0.0009753102657720546,
        "r2": -0.057410016928523655,
        "n": 5
      },
      "residual_pre_call_market_only": {
        "mae": 5.907476786276581e-05,
        "rmse": 7.032460916128126e-05,
        "r2": 0.9945024082810152,
        "n": 5
      },
      "residual_pre_call_market_plus_controls": {
        "mae": 8.356705937643094e-05,
        "rmse": 8.93951475595083e-05,
        "r2": 0.9911164669909258,
        "n": 5
      },
      "residual_pre_call_market_plus_a4": {
        "mae": 6.705818901086902e-05,
        "rmse": 7.718627088687973e-05,
        "r2": 0.9933772563052323,
        "n": 5
      },
      "residual_pre_call_market_plus_a4_plus_qna_lsa": {
        "mae": 9.861688738398568e-05,
        "rmse": 0.00012003928072015561,
        "r2": 0.983982136140126,
        "n": 5
      },
      "residual_pre_call_market_plus_controls_plus_a4": {
        "mae": 0.00012741429781227003,
        "rmse": 0.00013943167333489414,
        "r2": 0.97838870915675,
        "n": 5
      },
      "residual_pre_call_market_plus_controls_plus_a4_plus_qna_lsa": {
        "mae": 0.00015719033522489751,
        "rmse": 0.0001800334726477868,
        "r2": 0.9639699929987922,
        "n": 5
      }
    },
    "AMGN": {
      "prior_only": {
        "mae": 0.000588558582278481,
        "rmse": 0.0007259269278463547,
        "r2": -0.9501174078419159,
        "n": 5
      },
      "residual_pre_call_market_only": {
        "mae": 0.00019395354638911312,
        "rmse": 0.0002590017889481651,
        "r2": 0.7517550208618401,
        "n": 5
      },
      "residual_pre_call_market_plus_controls": {
        "mae": 0.0002046495130644856,
        "rmse": 0.00025731536480963843,
        "r2": 0.7549772640158917,
        "n": 5
      },
      "residual_pre_call_market_plus_a4": {
        "mae": 0.00017975681237770267,
        "rmse": 0.0002716745295034654,
        "r2": 0.7268678690369479,
        "n": 5
      },
      "residual_pre_call_market_plus_a4_plus_qna_lsa": {
        "mae": 0.00021160810024286738,
        "rmse": 0.0002950273576881857,
        "r2": 0.6778934730057227,
        "n": 5
      },
      "residual_pre_call_market_plus_controls_plus_a4": {
        "mae": 0.00019180943446581145,
        "rmse": 0.00026117783304784346,
        "r2": 0.7475661596321479,
        "n": 5
      },
      "residual_pre_call_market_plus_controls_plus_a4_plus_qna_lsa": {
        "mae": 0.0002193780989110882,
        "rmse": 0.0002741465462266673,
        "r2": 0.7218746956016302,
        "n": 5
      }
    },
    "AMZN": {
      "prior_only": {
        "mae": 0.0010484594936708864,
        "rmse": 0.0011417296808001387,
        "r2": -0.13716120273590393,
        "n": 6
      },
      "residual_pre_call_market_only": {
        "mae": 6.991755441178796e-05,
        "rmse": 0.00013869035106715475,
        "r2": 0.9832201549309215,
        "n": 6
      },
      "residual_pre_call_market_plus_controls": {
        "mae": 7.193396163938469e-05,
        "rmse": 0.00013328121959451354,
        "r2": 0.9845035090190332,
        "n": 6
      },
      "residual_pre_call_market_plus_a4": {
        "mae": 7.749407118137618e-05,
        "rmse": 0.0001292729985590898,
        "r2": 0.9854215585530909,
        "n": 6
      },
      "residual_pre_call_market_plus_a4_plus_qna_lsa": {
        "mae": 0.00010423681185379411,
        "rmse": 0.00014293113524332436,
        "r2": 0.9821782996232138,
        "n": 6
      },
      "residual_pre_call_market_plus_controls_plus_a4": {
        "mae": 9.540631278636173e-05,
        "rmse": 0.00014758399589947558,
        "r2": 0.9809991083535919,
        "n": 6
      },
      "residual_pre_call_market_plus_controls_plus_a4_plus_qna_lsa": {
        "mae": 0.0001067876691672907,
        "rmse": 0.00016348439050258473,
        "r2": 0.9766843226564462,
        "n": 6
      }
    },
    "CSCO": {
      "prior_only": {
        "mae": 0.0022920649639249636,
        "rmse": 0.003607373271152904,
        "r2": -0.4814445962507492,
        "n": 9
      },
      "residual_pre_call_market_only": {
        "mae": 9.366670114780806e-05,
        "rmse": 0.0002004226705213428,
        "r2": 0.9954270449002872,
        "n": 9
      },
      "residual_pre_call_market_plus_controls": {
        "mae": 0.0001204807463874016,
        "rmse": 0.00019109833297868044,
        "r2": 0.9958426456285325,
        "n": 9
      },
      "residual_pre_call_market_plus_a4": {
        "mae": 9.884647038912764e-05,
        "rmse": 0.0002106647012163088,
        "r2": 0.9949477272110294,
        "n": 9
      },
      "residual_pre_call_market_plus_a4_plus_qna_lsa": {
        "mae": 0.0001344718230783708,
        "rmse": 0.00021585854996350993,
        "r2": 0.9946955329164813,
        "n": 9
      },
      "residual_pre_call_market_plus_controls_plus_a4": {
        "mae": 0.00010069097404729536,
        "rmse": 0.00020909831364631442,
        "r2": 0.9950225797690655,
        "n": 9
      },
      "residual_pre_call_market_plus_controls_plus_a4_plus_qna_lsa": {
        "mae": 0.00010965641742934816,
        "rmse": 0.00020993079092716278,
        "r2": 0.9949828679458066,
        "n": 9
      }
    },
    "DIS": {
      "prior_only": {
        "mae": 0.0008173111392405065,
        "rmse": 0.0011248423905721914,
        "r2": -0.008785434291886718,
        "n": 5
      },
      "residual_pre_call_market_only": {
        "mae": 2.8788684503002785e-05,
        "rmse": 3.125296254275188e-05,
        "r2": 0.999221250400446,
        "n": 5
      },
      "residual_pre_call_market_plus_controls": {
        "mae": 8.490733571297689e-05,
        "rmse": 9.461320464405193e-05,
        "r2": 0.9928629463910508,
        "n": 5
      },
      "residual_pre_call_market_plus_a4": {
        "mae": 3.2281067762956906e-05,
        "rmse": 3.995627494246103e-05,
        "r2": 0.9987271259306837,
        "n": 5
      },
      "residual_pre_call_market_plus_a4_plus_qna_lsa": {
        "mae": 3.7382523722451354e-05,
        "rmse": 4.608806754697107e-05,