{
  "num_events": 172,
  "num_events_with_top1_text": 172,
  "avg_pair_count": 7.412790697674419,
  "avg_top1_severity": 3.0822966569767445,
  "avg_top2_severity_mean": 2.742943104651163
}