{
  "split_config": {
    "train_end_year": 2021,
    "val_year": 2022
  },
  "variants": {
    "raw_post_call_60m_rv": {
      "split_sizes": {
        "train": 281,
        "val": 90,
        "test": 182
      },
      "models": {
        "prior_only": {
          "val": {
            "mae": 0.00016739417627372626,
            "rmse": 0.0007687908870581557,
            "r2": -0.016405581624179932
          },
          "test": {
            "mae": 0.00010178662866567523,
            "rmse": 0.00019287223906947187,
            "r2": 0.11152071723336165
          }
        },
        "residual_structured_plus_extra": {
          "best_alpha": 100.0,
          "val": {
            "mae": 0.000176636831121784,
            "rmse": 0.000698600064129693,
            "r2": 0.16071815218573404
          },
          "test": {
            "mae": 0.000122457974870062,
            "rmse": 0.0002008646898689416,
            "r2": 0.03635946933506862
          }
        },
        "residual_structured_plus_extra_plus_qa_benchmark": {
          "best_alpha": 100.0,
          "val": {
            "mae": 0.00017713942610380115,
            "rmse": 0.0006974922205441877,
            "r2": 0.16337791654579736
          },
          "test": {
            "mae": 0.00012601983753939618,
            "rmse": 0.0002027836348558487,
            "r2": 0.01785939217591359
          }
        },
        "residual_structured_plus_extra_plus_qna_lsa_plus_qa_benchmark": {
          "best_alpha": 10.0,
          "val": {
            "mae": 0.00019750933945431924,
            "rmse": 0.0006960961923413563,
            "r2": 0.16672355730661403
          },
          "test": {
            "mae": 0.00014990415555367397,
            "rmse": 0.00021981972764934768,
            "r2": -0.15409402316797793
          }
        }
      }
    },
    "log_post_over_pre": {
      "split_sizes": {
        "train": 281,
        "val": 90,
        "test": 182
      },
      "models": {
        "prior_only": {
          "val": {
            "mae": 1.0569616579354937,
            "rmse": 1.465153085817397,
            "r2": 0.5571588471901536
          },
          "test": {
            "mae": 1.1579999161408414,
            "rmse": 1.5912280237218523,
            "r2": 0.5707954395273276
          }
        },
        "residual_structured_plus_extra": {
          "best_alpha": 10000.0,
          "val": {
            "mae": 1.0307919562908758,
            "rmse": 1.4264936636466945,
            "r2": 0.5802200821338657
          },
          "test": {
            "mae": 1.1317838647564482,
            "rmse": 1.5609761468636256,
            "r2": 0.5869600838714212
          }
        },
        "residual_structured_plus_extra_plus_qa_benchmark": {
          "best_alpha": 10000.0,
          "val": {
            "mae": 1.0297838332648723,
            "rmse": 1.4260469070907245,
            "r2": 0.5804829785881191
          },
          "test": {
            "mae": 1.130251831118622,
            "rmse": 1.560476165712785,
            "r2": 0.5872246351268224
          }
        },
        "residual_structured_plus_extra_plus_qna_lsa_plus_qa_benchmark": {
          "best_alpha": 10000.0,
          "val": {
            "mae": 1.0284731561557134,
            "rmse": 1.4249914345855361,
            "r2": 0.581103750340911
          },
          "test": {
            "mae": 1.1288950778714104,
            "rmse": 1.5596618876535882,
            "r2": 0.5876553065281912
          }
        }
      }
    },
    "log_post_over_within": {
      "split_sizes": {
        "train": 281,
        "val": 90,
        "test": 182
      },
      "models": {
        "prior_only": {
          "val": {
            "mae": 0.854475840729034,
            "rmse": 1.1378170875608902,
            "r2": 0.3946520031985712
          },
          "test": {
            "mae": 1.1176870774202572,
            "rmse": 1.5567872103574758,
            "r2": 0.23409495417215653
          }
        },
        "residual_structured_plus_extra": {
          "best_alpha": 10000.0,
          "val": {
            "mae": 0.8392073754256268,
            "rmse": 1.1104265321289994,
            "r2": 0.42344616329177387
          },
          "test": {
            "mae": 1.0884637585832966,
            "rmse": 1.5205656518592272,
            "r2": 0.26932075299236724
          }
        },
        "residual_structured_plus_extra_plus_qa_benchmark": {
          "best_alpha": 10000.0,
          "val": {
            "mae": 0.8428964093670464,
            "rmse": 1.1143959657623579,
            "r2": 0.41931679024196
          },
          "test": {
            "mae": 1.0902431430067008,
            "rmse": 1.518536558106331,
            "r2": 0.2712695376002078
          }
        },
        "residual_structured_plus_extra_plus_qna_lsa_plus_qa_benchmark": {
          "best_alpha": 10000.0,
          "val": {
            "mae": 0.841201479449243,
            "rmse": 1.1118038263769563,
            "r2": 0.4220150434061549
          },
          "test": {
            "mae": 1.089905188918049,
            "rmse": 1.5185278983361288,
            "r2": 0.27127784905022356
          }
        }
      }
    },
    "shock_minus_pre": {
      "split_sizes": {
        "train": 281,
        "val": 90,
        "test": 182
      },
      "models": {
        "prior_only": {
          "val": {
            "mae": 0.0007485886175131966,
            "rmse": 0.0026033171123127337,
            "r2": 0.13756640285326538
          },
          "test": {
            "mae": 0.0008094956854316774,
            "rmse": 0.0020151933197818527,
            "r2": 0.1973720382613633
          }
        },
        "residual_structured_plus_extra": {
          "best_alpha": 1.0,
          "val": {
            "mae": 0.00046224695726926394,
            "rmse": 0.0009545976575661707,
            "r2": 0.8840389206423744
          },
          "test": {
            "mae": 0.0005232382588389481,
            "rmse": 0.0007824656779599162,
            "r2": 0.878992733830802
          }
        },
        "residual_structured_plus_extra_plus_qa_benchmark": {
          "best_alpha": 10.0,
          "val": {
            "mae": 0.000465547577920557,
            "rmse": 0.0010238358295826316,
            "r2": 0.8666072678034843
          },
          "test": {
            "mae": 0.0005246367319910925,
            "rmse": 0.0007732734957884103,
            "r2": 0.8818191510217862
          }
        },
        "residual_structured_plus_extra_plus_qna_lsa_plus_qa_benchmark": {
          "best_alpha": 10.0,
          "val": {
            "mae": 0.0003613713083450094,
            "rmse": 0.0007910855745453842,
            "r2": 0.9203623472959876
          },
          "test": {
            "mae": 0.00046721517625685394,
            "rmse": 0.0007651921295740166,
            "r2": 0.8842764242016502
          }
        }
      }
    }
  }
}