alpha,threshold,val_mae,val_r2,val_rmse,val_use_agreed_share,val_veto_share
0.01,0.0,5.18139405171146e-05,0.9971623110231403,8.55847019065176e-05,1.0,0.0
0.1,0.0,5.18139405171146e-05,0.9971623110231403,8.55847019065176e-05,1.0,0.0
1.0,0.0,5.18139405171146e-05,0.9971623110231403,8.55847019065176e-05,1.0,0.0
10.0,0.0,5.18139405171146e-05,0.9971623110231403,8.55847019065176e-05,1.0,0.0
100.0,0.0,5.18139405171146e-05,0.9971623110231403,8.55847019065176e-05,1.0,0.0
1000.0,0.0,5.18139405171146e-05,0.9971623110231403,8.55847019065176e-05,1.0,0.0
