p_mse_vs_base_factor,p_mse_vs_hard,route,selected_alpha,test_mae,test_r2,test_rmse,threshold,use_agreed_share,veto_rows
,0.325,base_factor,0.01,6.635577036750798e-05,0.9986426801253959,0.00012350074863199322,0.0,0.8409090909090909,7
1.0,0.325,margin_route,0.01,6.635577036750798e-05,0.9986426801253959,0.00012350074863199322,0.0,0.8409090909090909,7
