{
  "target_variant": "shock_minus_pre",
  "include_regimes": [
    "after_hours"
  ],
  "exclude_html_flags": [],
  "candidate_tickers": 9,
  "evaluated_tickers": 9,
  "skipped_tickers": {},
  "overall_test_size": 71,
  "overall": {
    "prior_only": {
      "mae": 0.001712954560429467,
      "rmse": 0.003281641502876096,
      "r2": -0.0924767838873275
    },
    "residual_pre_call_market_only": {
      "mae": 6.407663536511252e-05,
      "rmse": 0.00012235239782740597,
      "r2": 0.9984813597181112
    },
    "residual_pre_call_market_plus_controls": {
      "mae": 8.117845835619119e-05,
      "rmse": 0.00012676803200454146,
      "r2": 0.9983697678941557
    },
    "residual_pre_call_market_plus_a4": {
      "mae": 7.213972501445538e-05,
      "rmse": 0.00013263855841329805,
      "r2": 0.9982152822966303
    },
    "residual_pre_call_market_plus_a4_plus_qna_lsa": {
      "mae": 0.0001345529552639436,
      "rmse": 0.00022253054796120834,
      "r2": 0.9949764674557128
    },
    "residual_pre_call_market_plus_controls_plus_a4": {
      "mae": 8.849189876371699e-05,
      "rmse": 0.00013838332242307097,
      "r2": 0.9980573370743978
    },
    "residual_pre_call_market_plus_controls_plus_a4_plus_qna_lsa": {
      "mae": 0.00015107166783573942,
      "rmse": 0.00021974074726431472,
      "r2": 0.9951016350418996
    }
  },
  "median_ticker_r2": {
    "prior_only": -0.4911785774228863,
    "residual_pre_call_market_only": 0.9954242442082483,
    "residual_pre_call_market_plus_controls": 0.990145575759329,
    "residual_pre_call_market_plus_a4": 0.9949225175410399,
    "residual_pre_call_market_plus_a4_plus_qna_lsa": 0.9902262978737741,
    "residual_pre_call_market_plus_controls_plus_a4": 0.9948148794713542,
    "residual_pre_call_market_plus_controls_plus_a4_plus_qna_lsa": 0.9823035730876424
  },
  "by_ticker": {
    "AAPL": {
      "prior_only": {
        "mae": 0.0007304991011235955,
        "rmse": 0.0008410928018662778,
        "r2": -0.002273144066861299,
        "n": 8
      },
      "residual_pre_call_market_only": {
        "mae": 6.301500924539973e-05,
        "rmse": 7.472702004073194e-05,
        "r2": 0.9920885955234356,
        "n": 8
      },
      "residual_pre_call_market_plus_controls": {
        "mae": 8.992157122554649e-05,
        "rmse": 9.774677615949209e-05,
        "r2": 0.9864636010293171,
        "n": 8
      },
      "residual_pre_call_market_plus_a4": {
        "mae": 7.737308136129752e-05,
        "rmse": 8.869792057968568e-05,
        "r2": 0.9888538434662052,
        "n": 8
      },
      "residual_pre_call_market_plus_a4_plus_qna_lsa": {
        "mae": 7.211712413552268e-05,
        "rmse": 8.305779911932982e-05,
        "r2": 0.9902262978737741,
        "n": 8
      },
      "residual_pre_call_market_plus_controls_plus_a4": {
        "mae": 0.0001273771273144711,
        "rmse": 0.00013748633743735473,
        "r2": 0.9732195822985231,
        "n": 8
      },
      "residual_pre_call_market_plus_controls_plus_a4_plus_qna_lsa": {
        "mae": 0.00024303915848248258,
        "rmse": 0.00026214797663564015,
        "r2": 0.9026375976991633,
        "n": 8
      }
    },
    "AMGN": {
      "prior_only": {
        "mae": 0.0006244935164835166,
        "rmse": 0.0007404277427738744,
        "r2": -1.1822776983213537,
        "n": 6
      },
      "residual_pre_call_market_only": {
        "mae": 0.0001687007950808882,
        "rmse": 0.00023666195911506305,
        "r2": 0.7770530376130025,
        "n": 6
      },
      "residual_pre_call_market_plus_controls": {
        "mae": 0.00018586639539820596,
        "rmse": 0.00023924601781328235,
        "r2": 0.7721578424865813,
        "n": 6
      },
      "residual_pre_call_market_plus_a4": {
        "mae": 0.00015856138498495696,
        "rmse": 0.0002466526954499933,
        "r2": 0.7578322088286416,
        "n": 6
      },
      "residual_pre_call_market_plus_a4_plus_qna_lsa": {
        "mae": 0.00019520391504076044,
        "rmse": 0.000288882579620185,
        "r2": 0.6678093870858756,
        "n": 6
      },
      "residual_pre_call_market_plus_controls_plus_a4": {
        "mae": 0.00016950389471672572,
        "rmse": 0.00024320987942727794,
        "r2": 0.7645454573570166,
        "n": 6
      },
      "residual_pre_call_market_plus_controls_plus_a4_plus_qna_lsa": {
        "mae": 0.00022132845416126208,
        "rmse": 0.0003197970820005343,
        "r2": 0.5929069929264367,
        "n": 6
      }
    },
    "AMZN": {
      "prior_only": {
        "mae": 0.001035947239165329,
        "rmse": 0.001122916655164849,
        "r2": -0.21278300206446854,
        "n": 7
      },
      "residual_pre_call_market_only": {
        "mae": 6.542752813926646e-05,
        "rmse": 0.00012980769176091137,
        "r2": 0.9837935120955289,
        "n": 7
      },
      "residual_pre_call_market_plus_controls": {
        "mae": 6.424914209543237e-05,
        "rmse": 0.0001280040160281181,
        "r2": 0.9842407608631896,
        "n": 7
      },
      "residual_pre_call_market_plus_a4": {
        "mae": 6.62325811872708e-05,
        "rmse": 0.00012042631906599963,
        "r2": 0.9860513917033713,
        "n": 7
      },
      "residual_pre_call_market_plus_a4_plus_qna_lsa": {
        "mae": 0.00015061018068774108,
        "rmse": 0.00019632657649751713,
        "r2": 0.9629279807709175,
        "n": 7
      },
      "residual_pre_call_market_plus_controls_plus_a4": {
        "mae": 8.008646116546235e-05,
        "rmse": 0.00013429322479715765,
        "r2": 0.9826541230944592,
        "n": 7
      },
      "residual_pre_call_market_plus_controls_plus_a4_plus_qna_lsa": {
        "mae": 8.167152582365927e-05,
        "rmse": 0.00013564343088623404,
        "r2": 0.9823035730876424,
        "n": 7
      }
    },
    "CSCO": {
      "prior_only": {
        "mae": 0.0022989599875156055,
        "rmse": 0.0036192051722996796,
        "r2": -0.4911785774228863,
        "n": 9
      },
      "residual_pre_call_market_only": {
        "mae": 9.258844124385022e-05,
        "rmse": 0.0002004840352457746,
        "r2": 0.9954242442082483,
        "n": 9
      },
      "residual_pre_call_market_plus_controls": {
        "mae": 0.0001230312880183208,
        "rmse": 0.00019070603194126743,
        "r2": 0.9958596971679673,
        "n": 9
      },
      "residual_pre_call_market_plus_a4": {
        "mae": 9.448884849252499e-05,
        "rmse": 0.0002111896312225571,
        "r2": 0.9949225175410399,
        "n": 9
      },
      "residual_pre_call_market_plus_a4_plus_qna_lsa": {
        "mae": 0.00012890126740304462,
        "rmse": 0.00019728123259536893,
        "r2": 0.9955692750227229,
        "n": 9
      },
      "residual_pre_call_market_plus_controls_plus_a4": {
        "mae": 9.727846609523859e-05,
        "rmse": 0.00020547956353642965,
        "r2": 0.9951933719427137,
        "n": 9
      },
      "residual_pre_call_market_plus_controls_plus_a4_plus_qna_lsa": {
        "mae": 0.00015043586587296952,
        "rmse": 0.00019287177467292314,
        "r2": 0.9957651249477003,
        "n": 9
      }
    },
    "DIS": {
      "prior_only": {
        "mae": 0.000788681168539326,
        "rmse": 0.0011302942566096415,
        "r2": -0.018587858473667174,
        "n": 5
      },
      "residual_pre_call_market_only": {
        "mae": 2.9710645318629837e-05,
        "rmse": 3.2491930342253456e-05,
        "r2": 0.9991582822599416,
        "n": 5
      },
      "residual_pre_call_market_plus_controls": {
        "mae": 0.00010397518340400625,
        "rmse": 0.00011117519523727183,
        "r2": 0.990145575759329,
        "n": 5
      },
      "residual_pre_call_market_plus_a4": {
        "mae": 3.0517528093297576e-05,
        "rmse": 3.5299542087355895e-05,
        "r2": 0.9990065326543874,
        "n": 5
      },
      "residual_pre_call_market_plus_a4_plus_qna_lsa": {
        "mae": 3.397223865078709e-05,
        "rmse": 4.170850507525117e-05,
        "r2": 0.9986130375556367,