{
  "target_variant": "shock_minus_pre",
  "include_regimes": [
    "after_hours"
  ],
  "exclude_html_flags": [
    "fail"
  ],
  "candidate_tickers": 9,
  "evaluated_tickers": 9,
  "skipped_tickers": {},
  "overall_test_size": 60,
  "overall": {
    "prior_only": {
      "mae": 0.0019021485078033428,
      "rmse": 0.0035445719653678215,
      "r2": -0.1180741957523701
    },
    "residual_market_plus_controls": {
      "mae": 0.00010730350391490439,
      "rmse": 0.0001716893952150488,
      "r2": 0.9973768086622992
    },
    "residual_market_controls_plus_a4": {
      "mae": 0.00011802171696488816,
      "rmse": 0.0001960241409689692,
      "r2": 0.9965805036334775
    },
    "residual_market_controls_plus_a4_plus_qna_lsa": {
      "mae": 0.0002877467966359479,
      "rmse": 0.00036200360511005056,
      "r2": 0.9883381132636238
    }
  },
  "median_ticker_r2": {
    "prior_only": -0.4814445962507492,
    "residual_market_plus_controls": 0.9940198206710983,
    "residual_market_controls_plus_a4": 0.9893982574098004,
    "residual_market_controls_plus_a4_plus_qna_lsa": 0.8450423838700631
  },
  "by_ticker": {
    "AAPL": {
      "prior_only": {
        "mae": 0.0008635336455696203,
        "rmse": 0.0009753102657720546,
        "r2": -0.057410016928523655,
        "n": 5
      },
      "residual_market_plus_controls": {
        "mae": 4.874702558451985e-05,
        "rmse": 7.334629639095834e-05,
        "r2": 0.9940198206710983,
        "n": 5
      },
      "residual_market_controls_plus_a4": {
        "mae": 8.614258405538114e-05,
        "rmse": 9.765842437008014e-05,
        "r2": 0.9893982574098004,
        "n": 5
      },
      "residual_market_controls_plus_a4_plus_qna_lsa": {
        "mae": 0.00041249616224374105,
        "rmse": 0.0004457754523561199,
        "r2": 0.7791028421908651,
        "n": 5
      }
    },
    "AMGN": {
      "prior_only": {
        "mae": 0.000588558582278481,
        "rmse": 0.0007259269278463547,
        "r2": -0.9501174078419159,
        "n": 5
      },
      "residual_market_plus_controls": {
        "mae": 0.00020459448417306357,
        "rmse": 0.00026841680398323914,
        "r2": 0.7333790032030771,
        "n": 5
      },
      "residual_market_controls_plus_a4": {
        "mae": 0.00021814248213943618,
        "rmse": 0.00029626255547966844,
        "r2": 0.6751906853747198,
        "n": 5
      },
      "residual_market_controls_plus_a4_plus_qna_lsa": {
        "mae": 0.000288715793076172,
        "rmse": 0.00037143063939072625,
        "r2": 0.4894592668414893,
        "n": 5
      }
    },
    "AMZN": {
      "prior_only": {
        "mae": 0.0010484594936708864,
        "rmse": 0.0011417296808001387,
        "r2": -0.13716120273590393,
        "n": 6
      },
      "residual_market_plus_controls": {
        "mae": 0.00012122978064758908,
        "rmse": 0.000206614284456605,
        "r2": 0.9627594455129425,
        "n": 6
      },
      "residual_market_controls_plus_a4": {
        "mae": 0.00015540059653215886,
        "rmse": 0.000240321108092173,
        "r2": 0.9496175494576685,
        "n": 6
      },
      "residual_market_controls_plus_a4_plus_qna_lsa": {
        "mae": 0.0003303791148990288,
        "rmse": 0.00042146230448344486,
        "r2": 0.8450423838700631,
        "n": 6
      }
    },
    "CSCO": {
      "prior_only": {
        "mae": 0.0022920649639249636,
        "rmse": 0.003607373271152904,
        "r2": -0.4814445962507492,
        "n": 9
      },
      "residual_market_plus_controls": {
        "mae": 0.00014825590672509813,
        "rmse": 0.00020542523179267852,
        "r2": 0.9951959134894564,
        "n": 9
      },
      "residual_market_controls_plus_a4": {
        "mae": 0.00012069479011916704,
        "rmse": 0.0002142783632457114,
        "r2": 0.9947729110713107,
        "n": 9
      },
      "residual_market_controls_plus_a4_plus_qna_lsa": {
        "mae": 0.00016844963952381486,
        "rmse": 0.0002222697120494633,
        "r2": 0.9943757602976626,
        "n": 9
      }
    },
    "DIS": {
      "prior_only": {
        "mae": 0.0008173111392405065,
        "rmse": 0.0011248423905721914,
        "r2": -0.008785434291886718,
        "n": 5
      },
      "residual_market_plus_controls": {
        "mae": 0.00020665443778571457,
        "rmse": 0.00021847553095969864,
        "r2": 0.9619441820868956,
        "n": 5
      },
      "residual_market_controls_plus_a4": {
        "mae": 0.00017057769083776565,
        "rmse": 0.00021264694017096756,
        "r2": 0.9639476374877486,
        "n": 5
      },
      "residual_market_controls_plus_a4_plus_qna_lsa": {
        "mae": 0.0005949810587938129,
        "rmse": 0.0006726773607340164,
        "r2": 0.6392311130126958,
        "n": 5
      }
    },
    "IBM": {
      "prior_only": {
        "mae": 0.0015514625678119348,
        "rmse": 0.001980411100840891,
        "r2": -0.5189568578805708,
        "n": 7
      },
      "residual_market_plus_controls": {
        "mae": 3.678830825535032e-05,
        "rmse": 4.681687221152353e-05,
        "r2": 0.9991511332433688,
        "n": 7
      },
      "residual_market_controls_plus_a4": {
        "mae": 5.570848293953594e-05,
        "rmse": 6.519208062022924e-05,
        "r2": 0.9983540205123556,
        "n": 7
      },
      "residual_market_controls_plus_a4_plus_qna_lsa": {
        "mae": 0.00018196856059797447,
        "rmse": 0.00022696440243166828,
        "r2": 0.9800496633418219,
        "n": 7
      }
    },
    "MSFT": {
      "prior_only": {
        "mae": 0.001067133125,
        "rmse": 0.00107040264496963,
        "r2": -162.94454161458253,
        "n": 7
      },
      "residual_market_plus_controls": {
        "mae": 1.8298662420322537e-05,
        "rmse": 2.1810978803579542e-05,
        "r2": 0.9319304427094227,
        "n": 7
      },
      "residual_market_controls_plus_a4": {
        "mae": 1.9842308412331143e-05,
        "rmse": 2.2414733193575215e-05,
        "r2": 0.9281097883566614,
        "n": 7
      },
      "residual_market_controls_plus_a4_plus_qna_lsa": {
        "mae": 0.0001602013778475664,
        "rmse": 0.00017735138424180714,
        "r2": -3.5006141338181456,
        "n": 7
      }
    },
    "NKE": {
      "prior_only": {
        "mae": 0.001055519414556962,
        "rmse": 0.001390860203052098,
        "r2": -0.46968674797515453,
        "n": 8
      },
      "residual_market_plus_controls": {
        "mae": 4.7186289280334155e-05,
        "rmse": 7.238150170524191e-05,
        "r2": 0.9960197257671107,
        "n": 8
      },
      "residual_market_controls_plus_a4": {
        "mae": 6.591797993644115e-05,
        "rmse": 7.85034565684835e-05,
        "r2": 0.9953179572400668,
        "n": 8
      },
      "residual_market_controls_plus_a4_plus_qna_lsa": {
        "mae": 0.0002948720806100575,
        "rmse": 0.00031422168007622743,
        "r2": 0.9249881097658982,
        "n": 8
      }
    },
    "NVDA": {
      "prior_only": {
        "mae": 0.0061360283536585365,
        "rmse": 0.00839815492545382,
        "r2": -0.9343923943695647,
        "n": 8
      },
      "residual_market_plus_controls": {
        "mae": 0.0001641811929742465,
        "rmse": 0.0002361998327232174,
        "r2": 0.9984698430355955,
        "n": 8
      },
      "residual_market_controls_plus_a4": {
        "mae": 0.00020401664543878999,
        "rmse": 0.00030630033851577554,
        "r2": 0.9974268105305274,
        "n": 8
      },
      "residual_market_controls_plus_a4_plus_qna_lsa": {
        "mae": 0.00031641938356006204,
        "rmse": 0.0003598395862730995,
        "r2": 0.9964486400769567,
        "n": 8
      }
    }
  }
}